"DT_GERACAO";"HH_GERACAO";"ANO_ELEICAO";"CD_TIPO_ELEICAO";"NM_TIPO_ELEICAO";"NR_TURNO";"CD_ELEICAO";"DS_ELEICAO";"DT_ELEICAO";"SG_UF";"SG_UE";"NM_UE";"CD_CARGO";"DS_CARGO";"TP_AGREMIACAO";"NR_PARTIDO";"SG_PARTIDO";"NM_PARTIDO";"NR_FEDERACAO";"NM_FEDERACAO";"SG_FEDERACAO";"DS_COMPOSICAO_FEDERACAO";"SQ_COLIGACAO";"NM_COLIGACAO";"DS_COMPOSICAO_COLIGACAO";"CD_SITUACAO_LEGENDA";"DS_SITUACAO"
"01/10/2022";"13:06:03";"2022";"2";"ELEIÇÃO ORDINÁRIA";"1";"546";"Eleições Gerais Estaduais 2022";"02/10/2022";"AP";"AP";"AMAPÁ";"5";"SENADOR";"COLIGAÇÃO";"23";"CIDADANIA";"CIDADANIA";"1";"Federação PSDB Cidadania";"PSDB/CIDADANIA";"CIDADANIA / PSDB";"30001681356";"AMAPÁ PARA TODOS";"SOLIDARIEDADE / UNIÃO / PP / PL / PSDB/CIDADANIA / PDT / REPUBLICANOS";"D";"DEFERIDO"
"01/10/2022";"13:06:03";"2022";"2";"ELEIÇÃO ORDINÁRIA";"1";"546";"Eleições Gerais Estaduais 2022";"02/10/2022";"AP";"AP";"AMAPÁ";"9";"1º SUPLENTE";"COLIGAÇÃO";"23";"CIDADANIA";"CIDADANIA";"1";"Federação PSDB Cidadania";"PSDB/CIDADANIA";"CIDADANIA / PSDB";"30001681356";"AMAPÁ PARA TODOS";"SOLIDARIEDADE / UNIÃO / PP / PL / PSDB/CIDADANIA / PDT / REPUBLICANOS";"D";"DEFERIDO"
"01/10/2022";"13:06:03";"2022";"2";"ELEIÇÃO ORDINÁRIA";"1";"546";"Eleições Gerais Estaduais 2022";"02/10/2022";"AP";"AP";"AMAPÁ";"6";"DEPUTADO FEDERAL";"PARTIDO ISOLADO";"20";"PSC";"PARTIDO SOCIAL CRISTÃO";"-1";"#NULO#";"#NULO#";"#NULO#";"30001681347";"#NULO#";"PSC";"D";"DEFERIDO"
"01/10/2022";"13:06:03";"2022";"2";"ELEIÇÃO ORDINÁRIA";"1";"546";"Eleições Gerais Estaduais 2022";"02/10/2022";"AP";"AP";"AMAPÁ";"10";"2º SUPLENTE";"PARTIDO ISOLADO";"29";"PCO";"PARTIDO DA CAUSA OPERÁRIA";"-1";"#NULO#";"#NULO#";"#NULO#";"30001685275";"#NULO#";"PCO";"IR";"INDEFERIDO COM RECURSO"
"01/10/2022";"13:06:03";"2022";"2";"ELEIÇÃO ORDINÁRIA";"1";"546";"Eleições Gerais Estaduais 2022";"02/10/2022";"AP";"AP";"AMAPÁ";"5";"SENADOR";"COLIGAÇÃO";"36";"AGIR";"AGIR";"-1";"#NULO#";"#NULO#";"#NULO#";"30001685063";"DESTRAVA AMAPA";"PROS / PSD / PTB / PSC / AGIR";"D";"DEFERIDO"
"01/10/2022";"13:06:03";"2022";"2";"ELEIÇÃO ORDINÁRIA";"1";"546";"Eleições Gerais Estaduais 2022";"02/10/2022";"AP";"AP";"AMAPÁ";"6";"DEPUTADO FEDERAL";"PARTIDO ISOLADO";"10";"REPUBLICANOS";"REPUBLICANOS";"-1";"#NULO#";"#NULO#";"#NULO#";"30001680830";"#NULO#";"REPUBLICANOS";"D";"DEFERIDO"
"01/10/2022";"13:06:03";"2022";"2";"ELEIÇÃO ORDINÁRIA";"1";"546";"Eleições Gerais Estaduais 2022";"02/10/2022";"AP";"AP";"AMAPÁ";"9";"1º SUPLENTE";"COLIGAÇÃO";"50";"PSOL";"PARTIDO SOCIALISMO E LIBERDADE";"3";"Federação PSOL REDE";"PSOL/REDE";"REDE / PSOL";"30001681372";"FRENTE POPULAR PELA DEMOCRACIA";"PT/PC do B/PV / PSOL/REDE / PSB";"D";"DEFERIDO"
"01/10/2022";"13:06:03";"2022";"2";"ELEIÇÃO ORDINÁRIA";"1";"546";"Eleições Gerais Estaduais 2022";"02/10/2022";"AP";"AP";"AMAPÁ";"3";"GOVERNADOR";"PARTIDO ISOLADO";"29";"PCO";"PARTIDO DA CAUSA OPERÁRIA";"-1";"#NULO#";"#NULO#";"#NULO#";"30001685251";"#NULO#";"PCO";"IR";"INDEFERIDO COM RECURSO"
"01/10/2022";"13:06:03";"2022";"2";"ELEIÇÃO ORDINÁRIA";"1";"546";"Eleições Gerais Estaduais 2022";"02/10/2022";"AP";"AP";"AMAPÁ";"10";"2º SUPLENTE";"COLIGAÇÃO";"43";"PV";"PARTIDO VERDE";"2";"Federação Brasil da Esperança - FE BRASIL";"PT/PC do B/PV";"PT / PV / PC do B";"30001681372";"FRENTE POPULAR PELA DEMOCRACIA";"PT/PC do B/PV / PSOL/REDE / PSB";"D";"DEFERIDO"
"01/10/2022";"13:06:03";"2022";"2";"ELEIÇÃO ORDINÁRIA";"1";"546";"Eleições Gerais Estaduais 2022";"02/10/2022";"AP";"AP";"AMAPÁ";"6";"DEPUTADO FEDERAL";"PARTIDO ISOLADO";"22";"PL";"PARTIDO LIBERAL";"-1";"#NULO#";"#NULO#";"#NULO#";"30001683246";"#NULO#";"PL";"D";"DEFERIDO"
"01/10/2022";"13:06:03";"2022";"2";"ELEIÇÃO ORDINÁRIA";"1";"546";"Eleições Gerais Estaduais 2022";"02/10/2022";"AP";"AP";"AMAPÁ";"9";"1º SUPLENTE";"COLIGAÇÃO";"11";"PP";"PROGRESSISTAS";"-1";"#NULO#";"#NULO#";"#NULO#";"30001681356";"AMAPÁ PARA TODOS";"SOLIDARIEDADE / UNIÃO / PP / PL / PSDB/CIDADANIA / PDT / REPUBLICANOS";"D";"DEFERIDO"
"01/10/2022";"13:06:03";"2022";"2";"ELEIÇÃO ORDINÁRIA";"1";"546";"Eleições Gerais Estaduais 2022";"02/10/2022";"AP";"AP";"AMAPÁ";"5";"SENADOR";"COLIGAÇÃO";"45";"PSDB";"PARTIDO DA SOCIAL DEMOCRACIA BRASILEIRA";"1";"Federação PSDB Cidadania";"PSDB/CIDADANIA";"CIDADANIA / PSDB";"30001681356";"AMAPÁ PARA TODOS";"SOLIDARIEDADE / UNIÃO / PP / PL / PSDB/CIDADANIA / PDT / REPUBLICANOS";"D";"DEFERIDO"
"01/10/2022";"13:06:03";"2022";"2";"ELEIÇÃO ORDINÁRIA";"1";"546";"Eleições Gerais Estaduais 2022";"02/10/2022";"AP";"AP";"AMAPÁ";"6";"DEPUTADO FEDERAL";"PARTIDO ISOLADO";"11";"PP";"PROGRESSISTAS";"-1";"#NULO#";"#NULO#";"#NULO#";"30001681037";"#NULO#";"PP";"D";"DEFERIDO"
"01/10/2022";"13:06:03";"2022";"2";"ELEIÇÃO ORDINÁRIA";"1";"546";"Eleições Gerais Estaduais 2022";"02/10/2022";"AP";"AP";"AMAPÁ";"4";"VICE-GOVERNADOR";"PARTIDO ISOLADO";"29";"PCO";"PARTIDO DA CAUSA OPERÁRIA";"-1";"#NULO#";"#NULO#";"#NULO#";"30001685251";"#NULO#";"PCO";"IR";"INDEFERIDO COM RECURSO"
"01/10/2022";"13:06:03";"2022";"2";"ELEIÇÃO ORDINÁRIA";"1";"546";"Eleições Gerais Estaduais 2022";"02/10/2022";"AP";"AP";"AMAPÁ";"9";"1º SUPLENTE";"COLIGAÇÃO";"65";"PC do B";"PARTIDO COMUNISTA DO BRASIL";"2";"Federação Brasil da Esperança - FE BRASIL";"PT/PC do B/PV";"PT / PV / PC do B";"30001681372";"FRENTE POPULAR PELA DEMOCRACIA";"PT/PC do B/PV / PSOL/REDE / PSB";"D";"DEFERIDO"
"01/10/2022";"13:06:03";"2022";"2";"ELEIÇÃO ORDINÁRIA";"1";"546";"Eleições Gerais Estaduais 2022";"02/10/2022";"AP";"AP";"AMAPÁ";"7";"DEPUTADO ESTADUAL";"PARTIDO ISOLADO";"14";"PTB";"PARTIDO TRABALHISTA BRASILEIRO";"-1";"#NULO#";"#NULO#";"#NULO#";"30001683060";"#NULO#";"PTB";"D";"DEFERIDO"
"01/10/2022";"13:06:03";"2022";"2";"ELEIÇÃO ORDINÁRIA";"1";"546";"Eleições Gerais Estaduais 2022";"02/10/2022";"AP";"AP";"AMAPÁ";"4";"VICE-GOVERNADOR";"COLIGAÇÃO";"14";"PTB";"PARTIDO TRABALHISTA BRASILEIRO";"-1";"#NULO#";"#NULO#";"#NULO#";"30001683045";"PRA MUDAR DE VERDADE";"PTB / PSC / PROS / PSD / AGIR";"D";"DEFERIDO"
"01/10/2022";"13:06:03";"2022";"2";"ELEIÇÃO ORDINÁRIA";"1";"546";"Eleições Gerais Estaduais 2022";"02/10/2022";"AP";"AP";"AMAPÁ";"4";"VICE-GOVERNADOR";"PARTIDO ISOLADO";"16";"PSTU";"PARTIDO SOCIALISTA DOS TRABALHADORES UNIFICADO";"-1";"#NULO#";"#NULO#";"#NULO#";"30001681487";"#NULO#";"PSTU";"D";"DEFERIDO"
"01/10/2022";"13:06:03";"2022";"2";"ELEIÇÃO ORDINÁRIA";"1";"546";"Eleições Gerais Estaduais 2022";"02/10/2022";"AP";"AP";"AMAPÁ";"6";"DEPUTADO FEDERAL";"FEDERAÇÃO";"50";"PSOL";"PARTIDO SOCIALISMO E LIBERDADE";"3";"Federação PSOL REDE";"PSOL/REDE";"REDE / PSOL";"30001681258";"#NULO#";"PSOL/REDE";"D";"DEFERIDO"
"01/10/2022";"13:06:03";"2022";"2";"ELEIÇÃO ORDINÁRIA";"1";"546";"Eleições Gerais Estaduais 2022";"02/10/2022";"AP";"AP";"AMAPÁ";"5";"SENADOR";"COLIGAÇÃO";"11";"PP";"PROGRESSISTAS";"-1";"#NULO#";"#NULO#";"#NULO#";"30001681356";"AMAPÁ PARA TODOS";"SOLIDARIEDADE / UNIÃO / PP / PL / PSDB/CIDADANIA / PDT / REPUBLICANOS";"D";"DEFERIDO"
"01/10/2022";"13:06:03";"2022";"2";"ELEIÇÃO ORDINÁRIA";"1";"546";"Eleições Gerais Estaduais 2022";"02/10/2022";"AP";"AP";"AMAPÁ";"4";"VICE-GOVERNADOR";"COLIGAÇÃO";"12";"PDT";"PARTIDO DEMOCRÁTICO TRABALHISTA";"-1";"#NULO#";"#NULO#";"#NULO#";"30001682188";"AMAPÁ PARA TODOS ";"PSDB/CIDADANIA / REPUBLICANOS / PP / PL / PDT / UNIÃO / SOLIDARIEDADE";"D";"DEFERIDO"
"01/10/2022";"13:06:03";"2022";"2";"ELEIÇÃO ORDINÁRIA";"1";"546";"Eleições Gerais Estaduais 2022";"02/10/2022";"AP";"AP";"AMAPÁ";"9";"1º SUPLENTE";"COLIGAÇÃO";"22";"PL";"PARTIDO LIBERAL";"-1";"#NULO#";"#NULO#";"#NULO#";"30001681356";"AMAPÁ PARA TODOS";"SOLIDARIEDADE / UNIÃO / PP / PL / PSDB/CIDADANIA / PDT / REPUBLICANOS";"D";"DEFERIDO"
"01/10/2022";"13:06:03";"2022";"2";"ELEIÇÃO ORDINÁRIA";"1";"546";"Eleições Gerais Estaduais 2022";"02/10/2022";"AP";"AP";"AMAPÁ";"5";"SENADOR";"PARTIDO ISOLADO";"70";"AVANTE";"AVANTE";"-1";"#NULO#";"#NULO#";"#NULO#";"30001685424";"#NULO#";"AVANTE";"D";"DEFERIDO"
"01/10/2022";"13:06:03";"2022";"2";"ELEIÇÃO ORDINÁRIA";"1";"546";"Eleições Gerais Estaduais 2022";"02/10/2022";"AP";"AP";"AMAPÁ";"9";"1º SUPLENTE";"COLIGAÇÃO";"18";"REDE";"REDE SUSTENTABILIDADE";"3";"Federação PSOL REDE";"PSOL/REDE";"REDE / PSOL";"30001681372";"FRENTE POPULAR PELA DEMOCRACIA";"PT/PC do B/PV / PSOL/REDE / PSB";"D";"DEFERIDO"
"01/10/2022";"13:06:03";"2022";"2";"ELEIÇÃO ORDINÁRIA";"1";"546";"Eleições Gerais Estaduais 2022";"02/10/2022";"AP";"AP";"AMAPÁ";"9";"1º SUPLENTE";"COLIGAÇÃO";"12";"PDT";"PARTIDO DEMOCRÁTICO TRABALHISTA";"-1";"#NULO#";"#NULO#";"#NULO#";"30001681356";"AMAPÁ PARA TODOS";"SOLIDARIEDADE / UNIÃO / PP / PL / PSDB/CIDADANIA / PDT / REPUBLICANOS";"D";"DEFERIDO"
"01/10/2022";"13:06:03";"2022";"2";"ELEIÇÃO ORDINÁRIA";"1";"546";"Eleições Gerais Estaduais 2022";"02/10/2022";"AP";"AP";"AMAPÁ";"5";"SENADOR";"COLIGAÇÃO";"90";"PROS";"PARTIDO REPUBLICANO DA ORDEM SOCIAL";"-1";"#NULO#";"#NULO#";"#NULO#";"30001685063";"DESTRAVA AMAPA";"PROS / PSD / PTB / PSC / AGIR";"D";"DEFERIDO"
"01/10/2022";"13:06:03";"2022";"2";"ELEIÇÃO ORDINÁRIA";"1";"546";"Eleições Gerais Estaduais 2022";"02/10/2022";"AP";"AP";"AMAPÁ";"3";"GOVERNADOR";"COLIGAÇÃO";"11";"PP";"PROGRESSISTAS";"-1";"#NULO#";"#NULO#";"#NULO#";"30001682188";"AMAPÁ PARA TODOS ";"PSDB/CIDADANIA / REPUBLICANOS / PP / PL / PDT / UNIÃO / SOLIDARIEDADE";"D";"DEFERIDO"
"01/10/2022";"13:06:03";"2022";"2";"ELEIÇÃO ORDINÁRIA";"1";"546";"Eleições Gerais Estaduais 2022";"02/10/2022";"AP";"AP";"AMAPÁ";"6";"DEPUTADO FEDERAL";"FEDERAÇÃO";"65";"PC do B";"PARTIDO COMUNISTA DO BRASIL";"2";"Federação Brasil da Esperança - FE BRASIL";"PT/PC do B/PV";"PT / PV / PC do B";"30001681348";"#NULO#";"PT/PC do B/PV";"D";"DEFERIDO"
"01/10/2022";"13:06:03";"2022";"2";"ELEIÇÃO ORDINÁRIA";"1";"546";"Eleições Gerais Estaduais 2022";"02/10/2022";"AP";"AP";"AMAPÁ";"6";"DEPUTADO FEDERAL";"FEDERAÇÃO";"43";"PV";"PARTIDO VERDE";"2";"Federação Brasil da Esperança - FE BRASIL";"PT/PC do B/PV";"PT / PV / PC do B";"30001681348";"#NULO#";"PT/PC do B/PV";"D";"DEFERIDO"
"01/10/2022";"13:06:03";"2022";"2";"ELEIÇÃO ORDINÁRIA";"1";"546";"Eleições Gerais Estaduais 2022";"02/10/2022";"AP";"AP";"AMAPÁ";"6";"DEPUTADO FEDERAL";"FEDERAÇÃO";"23";"CIDADANIA";"CIDADANIA";"1";"Federação PSDB Cidadania";"PSDB/CIDADANIA";"CIDADANIA / PSDB";"30001682195";"#NULO#";"PSDB/CIDADANIA";"D";"DEFERIDO"
"01/10/2022";"13:06:03";"2022";"2";"ELEIÇÃO ORDINÁRIA";"1";"546";"Eleições Gerais Estaduais 2022";"02/10/2022";"AP";"AP";"AMAPÁ";"5";"SENADOR";"COLIGAÇÃO";"19";"PODE";"PODEMOS";"-1";"#NULO#";"#NULO#";"#NULO#";"30001682192";"EFICIÊNCIA E TRABALHO";"MDB / PODE";"D";"DEFERIDO"
"01/10/2022";"13:06:03";"2022";"2";"ELEIÇÃO ORDINÁRIA";"1";"546";"Eleições Gerais Estaduais 2022";"02/10/2022";"AP";"AP";"AMAPÁ";"5";"SENADOR";"COLIGAÇÃO";"22";"PL";"PARTIDO LIBERAL";"-1";"#NULO#";"#NULO#";"#NULO#";"30001681356";"AMAPÁ PARA TODOS";"SOLIDARIEDADE / UNIÃO / PP / PL / PSDB/CIDADANIA / PDT / REPUBLICANOS";"D";"DEFERIDO"
"01/10/2022";"13:06:03";"2022";"2";"ELEIÇÃO ORDINÁRIA";"1";"546";"Eleições Gerais Estaduais 2022";"02/10/2022";"AP";"AP";"AMAPÁ";"9";"1º SUPLENTE";"COLIGAÇÃO";"43";"PV";"PARTIDO VERDE";"2";"Federação Brasil da Esperança - FE BRASIL";"PT/PC do B/PV";"PT / PV / PC do B";"30001681372";"FRENTE POPULAR PELA DEMOCRACIA";"PT/PC do B/PV / PSOL/REDE / PSB";"D";"DEFERIDO"
"01/10/2022";"13:06:03";"2022";"2";"ELEIÇÃO ORDINÁRIA";"1";"546";"Eleições Gerais Estaduais 2022";"02/10/2022";"AP";"AP";"AMAPÁ";"6";"DEPUTADO FEDERAL";"PARTIDO ISOLADO";"14";"PTB";"PARTIDO TRABALHISTA BRASILEIRO";"-1";"#NULO#";"#NULO#";"#NULO#";"30001681574";"#NULO#";"PTB";"D";"DEFERIDO"
"01/10/2022";"13:06:03";"2022";"2";"ELEIÇÃO ORDINÁRIA";"1";"546";"Eleições Gerais Estaduais 2022";"02/10/2022";"AP";"AP";"AMAPÁ";"5";"SENADOR";"COLIGAÇÃO";"15";"MDB";"MOVIMENTO DEMOCRÁTICO BRASILEIRO";"-1";"#NULO#";"#NULO#";"#NULO#";"30001682192";"EFICIÊNCIA E TRABALHO";"MDB / PODE";"D";"DEFERIDO"
"01/10/2022";"13:06:03";"2022";"2";"ELEIÇÃO ORDINÁRIA";"1";"546";"Eleições Gerais Estaduais 2022";"02/10/2022";"AP";"AP";"AMAPÁ";"10";"2º SUPLENTE";"PARTIDO ISOLADO";"28";"PRTB";"PARTIDO RENOVADOR TRABALHISTA BRASILEIRO";"-1";"#NULO#";"#NULO#";"#NULO#";"30001684588";"#NULO#";"PRTB";"D";"DEFERIDO"
"01/10/2022";"13:06:03";"2022";"2";"ELEIÇÃO ORDINÁRIA";"1";"546";"Eleições Gerais Estaduais 2022";"02/10/2022";"AP";"AP";"AMAPÁ";"7";"DEPUTADO ESTADUAL";"PARTIDO ISOLADO";"36";"AGIR";"AGIR";"-1";"#NULO#";"#NULO#";"#NULO#";"30001685080";"#NULO#";"AGIR";"D";"DEFERIDO"
"01/10/2022";"13:06:03";"2022";"2";"ELEIÇÃO ORDINÁRIA";"1";"546";"Eleições Gerais Estaduais 2022";"02/10/2022";"AP";"AP";"AMAPÁ";"3";"GOVERNADOR";"PARTIDO ISOLADO";"16";"PSTU";"PARTIDO SOCIALISTA DOS TRABALHADORES UNIFICADO";"-1";"#NULO#";"#NULO#";"#NULO#";"30001681487";"#NULO#";"PSTU";"D";"DEFERIDO"
"01/10/2022";"13:06:03";"2022";"2";"ELEIÇÃO ORDINÁRIA";"1";"546";"Eleições Gerais Estaduais 2022";"02/10/2022";"AP";"AP";"AMAPÁ";"4";"VICE-GOVERNADOR";"COLIGAÇÃO";"36";"AGIR";"AGIR";"-1";"#NULO#";"#NULO#";"#NULO#";"30001683045";"PRA MUDAR DE VERDADE";"PTB / PSC / PROS / PSD / AGIR";"D";"DEFERIDO"
"01/10/2022";"13:06:03";"2022";"2";"ELEIÇÃO ORDINÁRIA";"1";"546";"Eleições Gerais Estaduais 2022";"02/10/2022";"AP";"AP";"AMAPÁ";"7";"DEPUTADO ESTADUAL";"PARTIDO ISOLADO";"10";"REPUBLICANOS";"REPUBLICANOS";"-1";"#NULO#";"#NULO#";"#NULO#";"30001680827";"#NULO#";"REPUBLICANOS";"D";"DEFERIDO"
"01/10/2022";"13:06:03";"2022";"2";"ELEIÇÃO ORDINÁRIA";"1";"546";"Eleições Gerais Estaduais 2022";"02/10/2022";"AP";"AP";"AMAPÁ";"6";"DEPUTADO FEDERAL";"PARTIDO ISOLADO";"70";"AVANTE";"AVANTE";"-1";"#NULO#";"#NULO#";"#NULO#";"30001681570";"#NULO#";"AVANTE";"D";"DEFERIDO"
"01/10/2022";"13:06:03";"2022";"2";"ELEIÇÃO ORDINÁRIA";"1";"546";"Eleições Gerais Estaduais 2022";"02/10/2022";"AP";"AP";"AMAPÁ";"5";"SENADOR";"COLIGAÇÃO";"55";"PSD";"PARTIDO SOCIAL DEMOCRÁTICO";"-1";"#NULO#";"#NULO#";"#NULO#";"30001685063";"DESTRAVA AMAPA";"PROS / PSD / PTB / PSC / AGIR";"D";"DEFERIDO"
"01/10/2022";"13:06:03";"2022";"2";"ELEIÇÃO ORDINÁRIA";"1";"546";"Eleições Gerais Estaduais 2022";"02/10/2022";"AP";"AP";"AMAPÁ";"9";"1º SUPLENTE";"COLIGAÇÃO";"36";"AGIR";"AGIR";"-1";"#NULO#";"#NULO#";"#NULO#";"30001685063";"DESTRAVA AMAPA";"PROS / PSD / PTB / PSC / AGIR";"D";"DEFERIDO"
"01/10/2022";"13:06:03";"2022";"2";"ELEIÇÃO ORDINÁRIA";"1";"546";"Eleições Gerais Estaduais 2022";"02/10/2022";"AP";"AP";"AMAPÁ";"10";"2º SUPLENTE";"COLIGAÇÃO";"14";"PTB";"PARTIDO TRABALHISTA BRASILEIRO";"-1";"#NULO#";"#NULO#";"#NULO#";"30001685063";"DESTRAVA AMAPA";"PROS / PSD / PTB / PSC / AGIR";"D";"DEFERIDO"
"01/10/2022";"13:06:03";"2022";"2";"ELEIÇÃO ORDINÁRIA";"1";"546";"Eleições Gerais Estaduais 2022";"02/10/2022";"AP";"AP";"AMAPÁ";"6";"DEPUTADO FEDERAL";"FEDERAÇÃO";"13";"PT";"PARTIDO DOS TRABALHADORES";"2";"Federação Brasil da Esperança - FE BRASIL";"PT/PC do B/PV";"PT / PV / PC do B";"30001681348";"#NULO#";"PT/PC do B/PV";"D";"DEFERIDO"
"01/10/2022";"13:06:03";"2022";"2";"ELEIÇÃO ORDINÁRIA";"1";"546";"Eleições Gerais Estaduais 2022";"02/10/2022";"AP";"AP";"AMAPÁ";"4";"VICE-GOVERNADOR";"COLIGAÇÃO";"22";"PL";"PARTIDO LIBERAL";"-1";"#NULO#";"#NULO#";"#NULO#";"30001682188";"AMAPÁ PARA TODOS ";"PSDB/CIDADANIA / REPUBLICANOS / PP / PL / PDT / UNIÃO / SOLIDARIEDADE";"D";"DEFERIDO"
"01/10/2022";"13:06:03";"2022";"2";"ELEIÇÃO ORDINÁRIA";"1";"546";"Eleições Gerais Estaduais 2022";"02/10/2022";"AP";"AP";"AMAPÁ";"5";"SENADOR";"COLIGAÇÃO";"77";"SOLIDARIEDADE";"SOLIDARIEDADE";"-1";"#NULO#";"#NULO#";"#NULO#";"30001681356";"AMAPÁ PARA TODOS";"SOLIDARIEDADE / UNIÃO / PP / PL / PSDB/CIDADANIA / PDT / REPUBLICANOS";"D";"DEFERIDO"
"01/10/2022";"13:06:03";"2022";"2";"ELEIÇÃO ORDINÁRIA";"1";"546";"Eleições Gerais Estaduais 2022";"02/10/2022";"AP";"AP";"AMAPÁ";"7";"DEPUTADO ESTADUAL";"PARTIDO ISOLADO";"19";"PODE";"PODEMOS";"-1";"#NULO#";"#NULO#";"#NULO#";"30001682186";"#NULO#";"PODE";"D";"DEFERIDO"
"01/10/2022";"13:06:03";"2022";"2";"ELEIÇÃO ORDINÁRIA";"1";"546";"Eleições Gerais Estaduais 2022";"02/10/2022";"AP";"AP";"AMAPÁ";"7";"DEPUTADO ESTADUAL";"PARTIDO ISOLADO";"55";"PSD";"PARTIDO SOCIAL DEMOCRÁTICO";"-1";"#NULO#";"#NULO#";"#NULO#";"30001681755";"#NULO#";"PSD";"D";"DEFERIDO"
"01/10/2022";"13:06:03";"2022";"2";"ELEIÇÃO ORDINÁRIA";"1";"546";"Eleições Gerais Estaduais 2022";"02/10/2022";"AP";"AP";"AMAPÁ";"7";"DEPUTADO ESTADUAL";"PARTIDO ISOLADO";"22";"PL";"PARTIDO LIBERAL";"-1";"#NULO#";"#NULO#";"#NULO#";"30001683236";"#NULO#";"PL";"D";"DEFERIDO"
"01/10/2022";"13:06:03";"2022";"2";"ELEIÇÃO ORDINÁRIA";"1";"546";"Eleições Gerais Estaduais 2022";"02/10/2022";"AP";"AP";"AMAPÁ";"9";"1º SUPLENTE";"PARTIDO ISOLADO";"28";"PRTB";"PARTIDO RENOVADOR TRABALHISTA BRASILEIRO";"-1";"#NULO#";"#NULO#";"#NULO#";"30001684588";"#NULO#";"PRTB";"D";"DEFERIDO"
"01/10/2022";"13:06:03";"2022";"2";"ELEIÇÃO ORDINÁRIA";"1";"546";"Eleições Gerais Estaduais 2022";"02/10/2022";"AP";"AP";"AMAPÁ";"3";"GOVERNADOR";"COLIGAÇÃO";"22";"PL";"PARTIDO LIBERAL";"-1";"#NULO#";"#NULO#";"#NULO#";"30001682188";"AMAPÁ PARA TODOS ";"PSDB/CIDADANIA / REPUBLICANOS / PP / PL / PDT / UNIÃO / SOLIDARIEDADE";"D";"DEFERIDO"
"01/10/2022";"13:06:03";"2022";"2";"ELEIÇÃO ORDINÁRIA";"1";"546";"Eleições Gerais Estaduais 2022";"02/10/2022";"AP";"AP";"AMAPÁ";"7";"DEPUTADO ESTADUAL";"PARTIDO ISOLADO";"29";"PCO";"PARTIDO DA CAUSA OPERÁRIA";"-1";"#NULO#";"#NULO#";"#NULO#";"30001685291";"#NULO#";"PCO";"IN";"INDEFERIDO"
"01/10/2022";"13:06:03";"2022";"2";"ELEIÇÃO ORDINÁRIA";"1";"546";"Eleições Gerais Estaduais 2022";"02/10/2022";"AP";"AP";"AMAPÁ";"9";"1º SUPLENTE";"COLIGAÇÃO";"14";"PTB";"PARTIDO TRABALHISTA BRASILEIRO";"-1";"#NULO#";"#NULO#";"#NULO#";"30001685063";"DESTRAVA AMAPA";"PROS / PSD / PTB / PSC / AGIR";"D";"DEFERIDO"
"01/10/2022";"13:06:03";"2022";"2";"ELEIÇÃO ORDINÁRIA";"1";"546";"Eleições Gerais Estaduais 2022";"02/10/2022";"AP";"AP";"AMAPÁ";"4";"VICE-GOVERNADOR";"COLIGAÇÃO";"90";"PROS";"PARTIDO REPUBLICANO DA ORDEM SOCIAL";"-1";"#NULO#";"#NULO#";"#NULO#";"30001683045";"PRA MUDAR DE VERDADE";"PTB / PSC / PROS / PSD / AGIR";"D";"DEFERIDO"
"01/10/2022";"13:06:03";"2022";"2";"ELEIÇÃO ORDINÁRIA";"1";"546";"Eleições Gerais Estaduais 2022";"02/10/2022";"AP";"AP";"AMAPÁ";"3";"GOVERNADOR";"COLIGAÇÃO";"15";"MDB";"MOVIMENTO DEMOCRÁTICO BRASILEIRO";"-1";"#NULO#";"#NULO#";"#NULO#";"30001682227";"EFICIÊNCIA E TRABALHO";"PODE / MDB";"D";"DEFERIDO"
"01/10/2022";"13:06:03";"2022";"2";"ELEIÇÃO ORDINÁRIA";"1";"546";"Eleições Gerais Estaduais 2022";"02/10/2022";"AP";"AP";"AMAPÁ";"3";"GOVERNADOR";"COLIGAÇÃO";"10";"REPUBLICANOS";"REPUBLICANOS";"-1";"#NULO#";"#NULO#";"#NULO#";"30001682188";"AMAPÁ PARA TODOS ";"PSDB/CIDADANIA / REPUBLICANOS / PP / PL / PDT / UNIÃO / SOLIDARIEDADE";"D";"DEFERIDO"
"01/10/2022";"13:06:03";"2022";"2";"ELEIÇÃO ORDINÁRIA";"1";"546";"Eleições Gerais Estaduais 2022";"02/10/2022";"AP";"AP";"AMAPÁ";"10";"2º SUPLENTE";"COLIGAÇÃO";"15";"MDB";"MOVIMENTO DEMOCRÁTICO BRASILEIRO";"-1";"#NULO#";"#NULO#";"#NULO#";"30001682192";"EFICIÊNCIA E TRABALHO";"MDB / PODE";"D";"DEFERIDO"
"01/10/2022";"13:06:03";"2022";"2";"ELEIÇÃO ORDINÁRIA";"1";"546";"Eleições Gerais Estaduais 2022";"02/10/2022";"AP";"AP";"AMAPÁ";"3";"GOVERNADOR";"COLIGAÇÃO";"90";"PROS";"PARTIDO REPUBLICANO DA ORDEM SOCIAL";"-1";"#NULO#";"#NULO#";"#NULO#";"30001683045";"PRA MUDAR DE VERDADE";"PTB / PSC / PROS / PSD / AGIR";"D";"DEFERIDO"
"01/10/2022";"13:06:03";"2022";"2";"ELEIÇÃO ORDINÁRIA";"1";"546";"Eleições Gerais Estaduais 2022";"02/10/2022";"AP";"AP";"AMAPÁ";"3";"GOVERNADOR";"COLIGAÇÃO";"14";"PTB";"PARTIDO TRABALHISTA BRASILEIRO";"-1";"#NULO#";"#NULO#";"#NULO#";"30001683045";"PRA MUDAR DE VERDADE";"PTB / PSC / PROS / PSD / AGIR";"D";"DEFERIDO"
"01/10/2022";"13:06:03";"2022";"2";"ELEIÇÃO ORDINÁRIA";"1";"546";"Eleições Gerais Estaduais 2022";"02/10/2022";"AP";"AP";"AMAPÁ";"4";"VICE-GOVERNADOR";"COLIGAÇÃO";"11";"PP";"PROGRESSISTAS";"-1";"#NULO#";"#NULO#";"#NULO#";"30001682188";"AMAPÁ PARA TODOS ";"PSDB/CIDADANIA / REPUBLICANOS / PP / PL / PDT / UNIÃO / SOLIDARIEDADE";"D";"DEFERIDO"
"01/10/2022";"13:06:03";"2022";"2";"ELEIÇÃO ORDINÁRIA";"1";"546";"Eleições Gerais Estaduais 2022";"02/10/2022";"AP";"AP";"AMAPÁ";"6";"DEPUTADO FEDERAL";"PARTIDO ISOLADO";"55";"PSD";"PARTIDO SOCIAL DEMOCRÁTICO";"-1";"#NULO#";"#NULO#";"#NULO#";"30001682899";"#NULO#";"PSD";"D";"DEFERIDO"
"01/10/2022";"13:06:03";"2022";"2";"ELEIÇÃO ORDINÁRIA";"1";"546";"Eleições Gerais Estaduais 2022";"02/10/2022";"AP";"AP";"AMAPÁ";"10";"2º SUPLENTE";"COLIGAÇÃO";"44";"UNIÃO";"UNIÃO BRASIL";"-1";"#NULO#";"#NULO#";"#NULO#";"30001681356";"AMAPÁ PARA TODOS";"SOLIDARIEDADE / UNIÃO / PP / PL / PSDB/CIDADANIA / PDT / REPUBLICANOS";"D";"DEFERIDO"
"01/10/2022";"13:06:03";"2022";"2";"ELEIÇÃO ORDINÁRIA";"1";"546";"Eleições Gerais Estaduais 2022";"02/10/2022";"AP";"AP";"AMAPÁ";"9";"1º SUPLENTE";"COLIGAÇÃO";"90";"PROS";"PARTIDO REPUBLICANO DA ORDEM SOCIAL";"-1";"#NULO#";"#NULO#";"#NULO#";"30001685063";"DESTRAVA AMAPA";"PROS / PSD / PTB / PSC / AGIR";"D";"DEFERIDO"
"01/10/2022";"13:06:03";"2022";"2";"ELEIÇÃO ORDINÁRIA";"1";"546";"Eleições Gerais Estaduais 2022";"02/10/2022";"AP";"AP";"AMAPÁ";"9";"1º SUPLENTE";"PARTIDO ISOLADO";"51";"PATRIOTA";"PATRIOTA";"-1";"#NULO#";"#NULO#";"#NULO#";"30001682276";"#NULO#";"PATRIOTA";"D";"DEFERIDO"
"01/10/2022";"13:06:03";"2022";"2";"ELEIÇÃO ORDINÁRIA";"1";"546";"Eleições Gerais Estaduais 2022";"02/10/2022";"AP";"AP";"AMAPÁ";"6";"DEPUTADO FEDERAL";"PARTIDO ISOLADO";"28";"PRTB";"PARTIDO RENOVADOR TRABALHISTA BRASILEIRO";"-1";"#NULO#";"#NULO#";"#NULO#";"30001683766";"#NULO#";"PRTB";"D";"DEFERIDO"
"01/10/2022";"13:06:03";"2022";"2";"ELEIÇÃO ORDINÁRIA";"1";"546";"Eleições Gerais Estaduais 2022";"02/10/2022";"AP";"AP";"AMAPÁ";"5";"SENADOR";"COLIGAÇÃO";"12";"PDT";"PARTIDO DEMOCRÁTICO TRABALHISTA";"-1";"#NULO#";"#NULO#";"#NULO#";"30001681356";"AMAPÁ PARA TODOS";"SOLIDARIEDADE / UNIÃO / PP / PL / PSDB/CIDADANIA / PDT / REPUBLICANOS";"D";"DEFERIDO"
"01/10/2022";"13:06:03";"2022";"2";"ELEIÇÃO ORDINÁRIA";"1";"546";"Eleições Gerais Estaduais 2022";"02/10/2022";"AP";"AP";"AMAPÁ";"10";"2º SUPLENTE";"COLIGAÇÃO";"13";"PT";"PARTIDO DOS TRABALHADORES";"2";"Federação Brasil da Esperança - FE BRASIL";"PT/PC do B/PV";"PT / PV / PC do B";"30001681372";"FRENTE POPULAR PELA DEMOCRACIA";"PT/PC do B/PV / PSOL/REDE / PSB";"D";"DEFERIDO"
"01/10/2022";"13:06:03";"2022";"2";"ELEIÇÃO ORDINÁRIA";"1";"546";"Eleições Gerais Estaduais 2022";"02/10/2022";"AP";"AP";"AMAPÁ";"9";"1º SUPLENTE";"COLIGAÇÃO";"19";"PODE";"PODEMOS";"-1";"#NULO#";"#NULO#";"#NULO#";"30001682192";"EFICIÊNCIA E TRABALHO";"MDB / PODE";"D";"DEFERIDO"
"01/10/2022";"13:06:03";"2022";"2";"ELEIÇÃO ORDINÁRIA";"1";"546";"Eleições Gerais Estaduais 2022";"02/10/2022";"AP";"AP";"AMAPÁ";"10";"2º SUPLENTE";"COLIGAÇÃO";"10";"REPUBLICANOS";"REPUBLICANOS";"-1";"#NULO#";"#NULO#";"#NULO#";"30001681356";"AMAPÁ PARA TODOS";"SOLIDARIEDADE / UNIÃO / PP / PL / PSDB/CIDADANIA / PDT / REPUBLICANOS";"D";"DEFERIDO"
"01/10/2022";"13:06:03";"2022";"2";"ELEIÇÃO ORDINÁRIA";"1";"546";"Eleições Gerais Estaduais 2022";"02/10/2022";"AP";"AP";"AMAPÁ";"4";"VICE-GOVERNADOR";"COLIGAÇÃO";"10";"REPUBLICANOS";"REPUBLICANOS";"-1";"#NULO#";"#NULO#";"#NULO#";"30001682188";"AMAPÁ PARA TODOS ";"PSDB/CIDADANIA / REPUBLICANOS / PP / PL / PDT / UNIÃO / SOLIDARIEDADE";"D";"DEFERIDO"
"01/10/2022";"13:06:03";"2022";"2";"ELEIÇÃO ORDINÁRIA";"1";"546";"Eleições Gerais Estaduais 2022";"02/10/2022";"AP";"AP";"AMAPÁ";"3";"GOVERNADOR";"COLIGAÇÃO";"55";"PSD";"PARTIDO SOCIAL DEMOCRÁTICO";"-1";"#NULO#";"#NULO#";"#NULO#";"30001683045";"PRA MUDAR DE VERDADE";"PTB / PSC / PROS / PSD / AGIR";"D";"DEFERIDO"
"01/10/2022";"13:06:03";"2022";"2";"ELEIÇÃO ORDINÁRIA";"1";"546";"Eleições Gerais Estaduais 2022";"02/10/2022";"AP";"AP";"AMAPÁ";"5";"SENADOR";"PARTIDO ISOLADO";"29";"PCO";"PARTIDO DA CAUSA OPERÁRIA";"-1";"#NULO#";"#NULO#";"#NULO#";"30001685275";"#NULO#";"PCO";"IR";"INDEFERIDO COM RECURSO"
"01/10/2022";"13:06:03";"2022";"2";"ELEIÇÃO ORDINÁRIA";"1";"546";"Eleições Gerais Estaduais 2022";"02/10/2022";"AP";"AP";"AMAPÁ";"9";"1º SUPLENTE";"COLIGAÇÃO";"77";"SOLIDARIEDADE";"SOLIDARIEDADE";"-1";"#NULO#";"#NULO#";"#NULO#";"30001681356";"AMAPÁ PARA TODOS";"SOLIDARIEDADE / UNIÃO / PP / PL / PSDB/CIDADANIA / PDT / REPUBLICANOS";"D";"DEFERIDO"
"01/10/2022";"13:06:03";"2022";"2";"ELEIÇÃO ORDINÁRIA";"1";"546";"Eleições Gerais Estaduais 2022";"02/10/2022";"AP";"AP";"AMAPÁ";"4";"VICE-GOVERNADOR";"COLIGAÇÃO";"20";"PSC";"PARTIDO SOCIAL CRISTÃO";"-1";"#NULO#";"#NULO#";"#NULO#";"30001683045";"PRA MUDAR DE VERDADE";"PTB / PSC / PROS / PSD / AGIR";"D";"DEFERIDO"
"01/10/2022";"13:06:03";"2022";"2";"ELEIÇÃO ORDINÁRIA";"1";"546";"Eleições Gerais Estaduais 2022";"02/10/2022";"AP";"AP";"AMAPÁ";"7";"DEPUTADO ESTADUAL";"FEDERAÇÃO";"43";"PV";"PARTIDO VERDE";"2";"Federação Brasil da Esperança - FE BRASIL";"PT/PC do B/PV";"PT / PV / PC do B";"30001681350";"#NULO#";"PT/PC do B/PV";"D";"DEFERIDO"
"01/10/2022";"13:06:03";"2022";"2";"ELEIÇÃO ORDINÁRIA";"1";"546";"Eleições Gerais Estaduais 2022";"02/10/2022";"AP";"AP";"AMAPÁ";"6";"DEPUTADO FEDERAL";"PARTIDO ISOLADO";"12";"PDT";"PARTIDO DEMOCRÁTICO TRABALHISTA";"-1";"#NULO#";"#NULO#";"#NULO#";"30001681131";"#NULO#";"PDT";"D";"DEFERIDO"
"01/10/2022";"13:06:03";"2022";"2";"ELEIÇÃO ORDINÁRIA";"1";"546";"Eleições Gerais Estaduais 2022";"02/10/2022";"AP";"AP";"AMAPÁ";"7";"DEPUTADO ESTADUAL";"PARTIDO ISOLADO";"15";"MDB";"MOVIMENTO DEMOCRÁTICO BRASILEIRO";"-1";"#NULO#";"#NULO#";"#NULO#";"30001681285";"#NULO#";"MDB";"D";"DEFERIDO"
"01/10/2022";"13:06:03";"2022";"2";"ELEIÇÃO ORDINÁRIA";"1";"546";"Eleições Gerais Estaduais 2022";"02/10/2022";"AP";"AP";"AMAPÁ";"4";"VICE-GOVERNADOR";"COLIGAÇÃO";"44";"UNIÃO";"UNIÃO BRASIL";"-1";"#NULO#";"#NULO#";"#NULO#";"30001682188";"AMAPÁ PARA TODOS ";"PSDB/CIDADANIA / REPUBLICANOS / PP / PL / PDT / UNIÃO / SOLIDARIEDADE";"D";"DEFERIDO"
"01/10/2022";"13:06:03";"2022";"2";"ELEIÇÃO ORDINÁRIA";"1";"546";"Eleições Gerais Estaduais 2022";"02/10/2022";"AP";"AP";"AMAPÁ";"9";"1º SUPLENTE";"PARTIDO ISOLADO";"29";"PCO";"PARTIDO DA CAUSA OPERÁRIA";"-1";"#NULO#";"#NULO#";"#NULO#";"30001685275";"#NULO#";"PCO";"IR";"INDEFERIDO COM RECURSO"
"01/10/2022";"13:06:03";"2022";"2";"ELEIÇÃO ORDINÁRIA";"1";"546";"Eleições Gerais Estaduais 2022";"02/10/2022";"AP";"AP";"AMAPÁ";"5";"SENADOR";"COLIGAÇÃO";"10";"REPUBLICANOS";"REPUBLICANOS";"-1";"#NULO#";"#NULO#";"#NULO#";"30001681356";"AMAPÁ PARA TODOS";"SOLIDARIEDADE / UNIÃO / PP / PL / PSDB/CIDADANIA / PDT / REPUBLICANOS";"D";"DEFERIDO"
"01/10/2022";"13:06:03";"2022";"2";"ELEIÇÃO ORDINÁRIA";"1";"546";"Eleições Gerais Estaduais 2022";"02/10/2022";"AP";"AP";"AMAPÁ";"6";"DEPUTADO FEDERAL";"PARTIDO ISOLADO";"51";"PATRIOTA";"PATRIOTA";"-1";"#NULO#";"#NULO#";"#NULO#";"30001682270";"#NULO#";"PATRIOTA";"D";"DEFERIDO"
"01/10/2022";"13:06:03";"2022";"2";"ELEIÇÃO ORDINÁRIA";"1";"546";"Eleições Gerais Estaduais 2022";"02/10/2022";"AP";"AP";"AMAPÁ";"5";"SENADOR";"COLIGAÇÃO";"14";"PTB";"PARTIDO TRABALHISTA BRASILEIRO";"-1";"#NULO#";"#NULO#";"#NULO#";"30001685063";"DESTRAVA AMAPA";"PROS / PSD / PTB / PSC / AGIR";"D";"DEFERIDO"
"01/10/2022";"13:06:03";"2022";"2";"ELEIÇÃO ORDINÁRIA";"1";"546";"Eleições Gerais Estaduais 2022";"02/10/2022";"AP";"AP";"AMAPÁ";"7";"DEPUTADO ESTADUAL";"PARTIDO ISOLADO";"11";"PP";"PROGRESSISTAS";"-1";"#NULO#";"#NULO#";"#NULO#";"30001681062";"#NULO#";"PP";"D";"DEFERIDO"
"01/10/2022";"13:06:03";"2022";"2";"ELEIÇÃO ORDINÁRIA";"1";"546";"Eleições Gerais Estaduais 2022";"02/10/2022";"AP";"AP";"AMAPÁ";"7";"DEPUTADO ESTADUAL";"FEDERAÇÃO";"50";"PSOL";"PARTIDO SOCIALISMO E LIBERDADE";"3";"Federação PSOL REDE";"PSOL/REDE";"REDE / PSOL";"30001681259";"#NULO#";"PSOL/REDE";"D";"DEFERIDO"
"01/10/2022";"13:06:03";"2022";"2";"ELEIÇÃO ORDINÁRIA";"1";"546";"Eleições Gerais Estaduais 2022";"02/10/2022";"AP";"AP";"AMAPÁ";"5";"SENADOR";"PARTIDO ISOLADO";"28";"PRTB";"PARTIDO RENOVADOR TRABALHISTA BRASILEIRO";"-1";"#NULO#";"#NULO#";"#NULO#";"30001684588";"#NULO#";"PRTB";"D";"DEFERIDO"
"01/10/2022";"13:06:03";"2022";"2";"ELEIÇÃO ORDINÁRIA";"1";"546";"Eleições Gerais Estaduais 2022";"02/10/2022";"AP";"AP";"AMAPÁ";"10";"2º SUPLENTE";"COLIGAÇÃO";"23";"CIDADANIA";"CIDADANIA";"1";"Federação PSDB Cidadania";"PSDB/CIDADANIA";"CIDADANIA / PSDB";"30001681356";"AMAPÁ PARA TODOS";"SOLIDARIEDADE / UNIÃO / PP / PL / PSDB/CIDADANIA / PDT / REPUBLICANOS";"D";"DEFERIDO"
"01/10/2022";"13:06:03";"2022";"2";"ELEIÇÃO ORDINÁRIA";"1";"546";"Eleições Gerais Estaduais 2022";"02/10/2022";"AP";"AP";"AMAPÁ";"10";"2º SUPLENTE";"COLIGAÇÃO";"40";"PSB";"PARTIDO SOCIALISTA BRASILEIRO";"-1";"#NULO#";"#NULO#";"#NULO#";"30001681372";"FRENTE POPULAR PELA DEMOCRACIA";"PT/PC do B/PV / PSOL/REDE / PSB";"D";"DEFERIDO"
"01/10/2022";"13:06:03";"2022";"2";"ELEIÇÃO ORDINÁRIA";"1";"546";"Eleições Gerais Estaduais 2022";"02/10/2022";"AP";"AP";"AMAPÁ";"9";"1º SUPLENTE";"PARTIDO ISOLADO";"70";"AVANTE";"AVANTE";"-1";"#NULO#";"#NULO#";"#NULO#";"30001685424";"#NULO#";"AVANTE";"D";"DEFERIDO"
"01/10/2022";"13:06:03";"2022";"2";"ELEIÇÃO ORDINÁRIA";"1";"546";"Eleições Gerais Estaduais 2022";"02/10/2022";"AP";"AP";"AMAPÁ";"9";"1º SUPLENTE";"COLIGAÇÃO";"44";"UNIÃO";"UNIÃO BRASIL";"-1";"#NULO#";"#NULO#";"#NULO#";"30001681356";"AMAPÁ PARA TODOS";"SOLIDARIEDADE / UNIÃO / PP / PL / PSDB/CIDADANIA / PDT / REPUBLICANOS";"D";"DEFERIDO"
"01/10/2022";"13:06:03";"2022";"2";"ELEIÇÃO ORDINÁRIA";"1";"546";"Eleições Gerais Estaduais 2022";"02/10/2022";"AP";"AP";"AMAPÁ";"10";"2º SUPLENTE";"PARTIDO ISOLADO";"51";"PATRIOTA";"PATRIOTA";"-1";"#NULO#";"#NULO#";"#NULO#";"30001682276";"#NULO#";"PATRIOTA";"D";"DEFERIDO"
"01/10/2022";"13:06:03";"2022";"2";"ELEIÇÃO ORDINÁRIA";"1";"546";"Eleições Gerais Estaduais 2022";"02/10/2022";"AP";"AP";"AMAPÁ";"9";"1º SUPLENTE";"COLIGAÇÃO";"15";"MDB";"MOVIMENTO DEMOCRÁTICO BRASILEIRO";"-1";"#NULO#";"#NULO#";"#NULO#";"30001682192";"EFICIÊNCIA E TRABALHO";"MDB / PODE";"D";"DEFERIDO"
"01/10/2022";"13:06:03";"2022";"2";"ELEIÇÃO ORDINÁRIA";"1";"546";"Eleições Gerais Estaduais 2022";"02/10/2022";"AP";"AP";"AMAPÁ";"5";"SENADOR";"COLIGAÇÃO";"40";"PSB";"PARTIDO SOCIALISTA BRASILEIRO";"-1";"#NULO#";"#NULO#";"#NULO#";"30001681372";"FRENTE POPULAR PELA DEMOCRACIA";"PT/PC do B/PV / PSOL/REDE / PSB";"D";"DEFERIDO"
"01/10/2022";"13:06:03";"2022";"2";"ELEIÇÃO ORDINÁRIA";"1";"546";"Eleições Gerais Estaduais 2022";"02/10/2022";"AP";"AP";"AMAPÁ";"4";"VICE-GOVERNADOR";"COLIGAÇÃO";"19";"PODE";"PODEMOS";"-1";"#NULO#";"#NULO#";"#NULO#";"30001682227";"EFICIÊNCIA E TRABALHO";"PODE / MDB";"D";"DEFERIDO"
"01/10/2022";"13:06:03";"2022";"2";"ELEIÇÃO ORDINÁRIA";"1";"546";"Eleições Gerais Estaduais 2022";"02/10/2022";"AP";"AP";"AMAPÁ";"7";"DEPUTADO ESTADUAL";"FEDERAÇÃO";"65";"PC do B";"PARTIDO COMUNISTA DO BRASIL";"2";"Federação Brasil da Esperança - FE BRASIL";"PT/PC do B/PV";"PT / PV / PC do B";"30001681350";"#NULO#";"PT/PC do B/PV";"D";"DEFERIDO"
"01/10/2022";"13:06:03";"2022";"2";"ELEIÇÃO ORDINÁRIA";"1";"546";"Eleições Gerais Estaduais 2022";"02/10/2022";"AP";"AP";"AMAPÁ";"5";"SENADOR";"COLIGAÇÃO";"13";"PT";"PARTIDO DOS TRABALHADORES";"2";"Federação Brasil da Esperança - FE BRASIL";"PT/PC do B/PV";"PT / PV / PC do B";"30001681372";"FRENTE POPULAR PELA DEMOCRACIA";"PT/PC do B/PV / PSOL/REDE / PSB";"D";"DEFERIDO"
"01/10/2022";"13:06:03";"2022";"2";"ELEIÇÃO ORDINÁRIA";"1";"546";"Eleições Gerais Estaduais 2022";"02/10/2022";"AP";"AP";"AMAPÁ";"10";"2º SUPLENTE";"COLIGAÇÃO";"20";"PSC";"PARTIDO SOCIAL CRISTÃO";"-1";"#NULO#";"#NULO#";"#NULO#";"30001685063";"DESTRAVA AMAPA";"PROS / PSD / PTB / PSC / AGIR";"D";"DEFERIDO"
"01/10/2022";"13:06:03";"2022";"2";"ELEIÇÃO ORDINÁRIA";"1";"546";"Eleições Gerais Estaduais 2022";"02/10/2022";"AP";"AP";"AMAPÁ";"10";"2º SUPLENTE";"COLIGAÇÃO";"22";"PL";"PARTIDO LIBERAL";"-1";"#NULO#";"#NULO#";"#NULO#";"30001681356";"AMAPÁ PARA TODOS";"SOLIDARIEDADE / UNIÃO / PP / PL / PSDB/CIDADANIA / PDT / REPUBLICANOS";"D";"DEFERIDO"
"01/10/2022";"13:06:03";"2022";"2";"ELEIÇÃO ORDINÁRIA";"1";"546";"Eleições Gerais Estaduais 2022";"02/10/2022";"AP";"AP";"AMAPÁ";"10";"2º SUPLENTE";"COLIGAÇÃO";"19";"PODE";"PODEMOS";"-1";"#NULO#";"#NULO#";"#NULO#";"30001682192";"EFICIÊNCIA E TRABALHO";"MDB / PODE";"D";"DEFERIDO"
"01/10/2022";"13:06:03";"2022";"2";"ELEIÇÃO ORDINÁRIA";"1";"546";"Eleições Gerais Estaduais 2022";"02/10/2022";"AP";"AP";"AMAPÁ";"5";"SENADOR";"COLIGAÇÃO";"50";"PSOL";"PARTIDO SOCIALISMO E LIBERDADE";"3";"Federação PSOL REDE";"PSOL/REDE";"REDE / PSOL";"30001681372";"FRENTE POPULAR PELA DEMOCRACIA";"PT/PC do B/PV / PSOL/REDE / PSB";"D";"DEFERIDO"
"01/10/2022";"13:06:03";"2022";"2";"ELEIÇÃO ORDINÁRIA";"1";"546";"Eleições Gerais Estaduais 2022";"02/10/2022";"AP";"AP";"AMAPÁ";"4";"VICE-GOVERNADOR";"COLIGAÇÃO";"45";"PSDB";"PARTIDO DA SOCIAL DEMOCRACIA BRASILEIRA";"1";"Federação PSDB Cidadania";"PSDB/CIDADANIA";"CIDADANIA / PSDB";"30001682188";"AMAPÁ PARA TODOS ";"PSDB/CIDADANIA / REPUBLICANOS / PP / PL / PDT / UNIÃO / SOLIDARIEDADE";"D";"DEFERIDO"
"01/10/2022";"13:06:03";"2022";"2";"ELEIÇÃO ORDINÁRIA";"1";"546";"Eleições Gerais Estaduais 2022";"02/10/2022";"AP";"AP";"AMAPÁ";"7";"DEPUTADO ESTADUAL";"FEDERAÇÃO";"23";"CIDADANIA";"CIDADANIA";"1";"Federação PSDB Cidadania";"PSDB/CIDADANIA";"CIDADANIA / PSDB";"30001682257";"#NULO#";"PSDB/CIDADANIA";"D";"DEFERIDO"
"01/10/2022";"13:06:03";"2022";"2";"ELEIÇÃO ORDINÁRIA";"1";"546";"Eleições Gerais Estaduais 2022";"02/10/2022";"AP";"AP";"AMAPÁ";"6";"DEPUTADO FEDERAL";"PARTIDO ISOLADO";"15";"MDB";"MOVIMENTO DEMOCRÁTICO BRASILEIRO";"-1";"#NULO#";"#NULO#";"#NULO#";"30001681286";"#NULO#";"MDB";"D";"DEFERIDO"
"01/10/2022";"13:06:03";"2022";"2";"ELEIÇÃO ORDINÁRIA";"1";"546";"Eleições Gerais Estaduais 2022";"02/10/2022";"AP";"AP";"AMAPÁ";"7";"DEPUTADO ESTADUAL";"FEDERAÇÃO";"45";"PSDB";"PARTIDO DA SOCIAL DEMOCRACIA BRASILEIRA";"1";"Federação PSDB Cidadania";"PSDB/CIDADANIA";"CIDADANIA / PSDB";"30001682257";"#NULO#";"PSDB/CIDADANIA";"D";"DEFERIDO"
"01/10/2022";"13:06:03";"2022";"2";"ELEIÇÃO ORDINÁRIA";"1";"546";"Eleições Gerais Estaduais 2022";"02/10/2022";"AP";"AP";"AMAPÁ";"10";"2º SUPLENTE";"COLIGAÇÃO";"90";"PROS";"PARTIDO REPUBLICANO DA ORDEM SOCIAL";"-1";"#NULO#";"#NULO#";"#NULO#";"30001685063";"DESTRAVA AMAPA";"PROS / PSD / PTB / PSC / AGIR";"D";"DEFERIDO"
"01/10/2022";"13:06:03";"2022";"2";"ELEIÇÃO ORDINÁRIA";"1";"546";"Eleições Gerais Estaduais 2022";"02/10/2022";"AP";"AP";"AMAPÁ";"9";"1º SUPLENTE";"COLIGAÇÃO";"55";"PSD";"PARTIDO SOCIAL DEMOCRÁTICO";"-1";"#NULO#";"#NULO#";"#NULO#";"30001685063";"DESTRAVA AMAPA";"PROS / PSD / PTB / PSC / AGIR";"D";"DEFERIDO"
"01/10/2022";"13:06:03";"2022";"2";"ELEIÇÃO ORDINÁRIA";"1";"546";"Eleições Gerais Estaduais 2022";"02/10/2022";"AP";"AP";"AMAPÁ";"5";"SENADOR";"COLIGAÇÃO";"44";"UNIÃO";"UNIÃO BRASIL";"-1";"#NULO#";"#NULO#";"#NULO#";"30001681356";"AMAPÁ PARA TODOS";"SOLIDARIEDADE / UNIÃO / PP / PL / PSDB/CIDADANIA / PDT / REPUBLICANOS";"D";"DEFERIDO"
"01/10/2022";"13:06:03";"2022";"2";"ELEIÇÃO ORDINÁRIA";"1";"546";"Eleições Gerais Estaduais 2022";"02/10/2022";"AP";"AP";"AMAPÁ";"3";"GOVERNADOR";"COLIGAÇÃO";"23";"CIDADANIA";"CIDADANIA";"1";"Federação PSDB Cidadania";"PSDB/CIDADANIA";"CIDADANIA / PSDB";"30001682188";"AMAPÁ PARA TODOS ";"PSDB/CIDADANIA / REPUBLICANOS / PP / PL / PDT / UNIÃO / SOLIDARIEDADE";"D";"DEFERIDO"
"01/10/2022";"13:06:03";"2022";"2";"ELEIÇÃO ORDINÁRIA";"1";"546";"Eleições Gerais Estaduais 2022";"02/10/2022";"AP";"AP";"AMAPÁ";"7";"DEPUTADO ESTADUAL";"FEDERAÇÃO";"13";"PT";"PARTIDO DOS TRABALHADORES";"2";"Federação Brasil da Esperança - FE BRASIL";"PT/PC do B/PV";"PT / PV / PC do B";"30001681350";"#NULO#";"PT/PC do B/PV";"D";"DEFERIDO"
"01/10/2022";"13:06:03";"2022";"2";"ELEIÇÃO ORDINÁRIA";"1";"546";"Eleições Gerais Estaduais 2022";"02/10/2022";"AP";"AP";"AMAPÁ";"5";"SENADOR";"COLIGAÇÃO";"43";"PV";"PARTIDO VERDE";"2";"Federação Brasil da Esperança - FE BRASIL";"PT/PC do B/PV";"PT / PV / PC do B";"30001681372";"FRENTE POPULAR PELA DEMOCRACIA";"PT/PC do B/PV / PSOL/REDE / PSB";"D";"DEFERIDO"
"01/10/2022";"13:06:03";"2022";"2";"ELEIÇÃO ORDINÁRIA";"1";"546";"Eleições Gerais Estaduais 2022";"02/10/2022";"AP";"AP";"AMAPÁ";"3";"GOVERNADOR";"COLIGAÇÃO";"19";"PODE";"PODEMOS";"-1";"#NULO#";"#NULO#";"#NULO#";"30001682227";"EFICIÊNCIA E TRABALHO";"PODE / MDB";"D";"DEFERIDO"
"01/10/2022";"13:06:03";"2022";"2";"ELEIÇÃO ORDINÁRIA";"1";"546";"Eleições Gerais Estaduais 2022";"02/10/2022";"AP";"AP";"AMAPÁ";"6";"DEPUTADO FEDERAL";"PARTIDO ISOLADO";"19";"PODE";"PODEMOS";"-1";"#NULO#";"#NULO#";"#NULO#";"30001681571";"#NULO#";"PODE";"D";"DEFERIDO"
"01/10/2022";"13:06:03";"2022";"2";"ELEIÇÃO ORDINÁRIA";"1";"546";"Eleições Gerais Estaduais 2022";"02/10/2022";"AP";"AP";"AMAPÁ";"3";"GOVERNADOR";"COLIGAÇÃO";"20";"PSC";"PARTIDO SOCIAL CRISTÃO";"-1";"#NULO#";"#NULO#";"#NULO#";"30001683045";"PRA MUDAR DE VERDADE";"PTB / PSC / PROS / PSD / AGIR";"D";"DEFERIDO"
"01/10/2022";"13:06:03";"2022";"2";"ELEIÇÃO ORDINÁRIA";"1";"546";"Eleições Gerais Estaduais 2022";"02/10/2022";"AP";"AP";"AMAPÁ";"7";"DEPUTADO ESTADUAL";"PARTIDO ISOLADO";"28";"PRTB";"PARTIDO RENOVADOR TRABALHISTA BRASILEIRO";"-1";"#NULO#";"#NULO#";"#NULO#";"30001684595";"#NULO#";"PRTB";"D";"DEFERIDO"
"01/10/2022";"13:06:03";"2022";"2";"ELEIÇÃO ORDINÁRIA";"1";"546";"Eleições Gerais Estaduais 2022";"02/10/2022";"AP";"AP";"AMAPÁ";"10";"2º SUPLENTE";"COLIGAÇÃO";"36";"AGIR";"AGIR";"-1";"#NULO#";"#NULO#";"#NULO#";"30001685063";"DESTRAVA AMAPA";"PROS / PSD / PTB / PSC / AGIR";"D";"DEFERIDO"
"01/10/2022";"13:06:03";"2022";"2";"ELEIÇÃO ORDINÁRIA";"1";"546";"Eleições Gerais Estaduais 2022";"02/10/2022";"AP";"AP";"AMAPÁ";"7";"DEPUTADO ESTADUAL";"PARTIDO ISOLADO";"40";"PSB";"PARTIDO SOCIALISTA BRASILEIRO";"-1";"#NULO#";"#NULO#";"#NULO#";"30001681366";"#NULO#";"PSB";"D";"DEFERIDO"
"01/10/2022";"13:06:03";"2022";"2";"ELEIÇÃO ORDINÁRIA";"1";"546";"Eleições Gerais Estaduais 2022";"02/10/2022";"AP";"AP";"AMAPÁ";"6";"DEPUTADO FEDERAL";"FEDERAÇÃO";"18";"REDE";"REDE SUSTENTABILIDADE";"3";"Federação PSOL REDE";"PSOL/REDE";"REDE / PSOL";"30001681258";"#NULO#";"PSOL/REDE";"D";"DEFERIDO"
"01/10/2022";"13:06:03";"2022";"2";"ELEIÇÃO ORDINÁRIA";"1";"546";"Eleições Gerais Estaduais 2022";"02/10/2022";"AP";"AP";"AMAPÁ";"10";"2º SUPLENTE";"COLIGAÇÃO";"50";"PSOL";"PARTIDO SOCIALISMO E LIBERDADE";"3";"Federação PSOL REDE";"PSOL/REDE";"REDE / PSOL";"30001681372";"FRENTE POPULAR PELA DEMOCRACIA";"PT/PC do B/PV / PSOL/REDE / PSB";"D";"DEFERIDO"
"01/10/2022";"13:06:03";"2022";"2";"ELEIÇÃO ORDINÁRIA";"1";"546";"Eleições Gerais Estaduais 2022";"02/10/2022";"AP";"AP";"AMAPÁ";"5";"SENADOR";"PARTIDO ISOLADO";"51";"PATRIOTA";"PATRIOTA";"-1";"#NULO#";"#NULO#";"#NULO#";"30001682276";"#NULO#";"PATRIOTA";"D";"DEFERIDO"
"01/10/2022";"13:06:03";"2022";"2";"ELEIÇÃO ORDINÁRIA";"1";"546";"Eleições Gerais Estaduais 2022";"02/10/2022";"AP";"AP";"AMAPÁ";"3";"GOVERNADOR";"COLIGAÇÃO";"44";"UNIÃO";"UNIÃO BRASIL";"-1";"#NULO#";"#NULO#";"#NULO#";"30001682188";"AMAPÁ PARA TODOS ";"PSDB/CIDADANIA / REPUBLICANOS / PP / PL / PDT / UNIÃO / SOLIDARIEDADE";"D";"DEFERIDO"
"01/10/2022";"13:06:03";"2022";"2";"ELEIÇÃO ORDINÁRIA";"1";"546";"Eleições Gerais Estaduais 2022";"02/10/2022";"AP";"AP";"AMAPÁ";"3";"GOVERNADOR";"PARTIDO ISOLADO";"28";"PRTB";"PARTIDO RENOVADOR TRABALHISTA BRASILEIRO";"-1";"#NULO#";"#NULO#";"#NULO#";"30001682792";"#NULO#";"PRTB";"D";"DEFERIDO"
"01/10/2022";"13:06:03";"2022";"2";"ELEIÇÃO ORDINÁRIA";"1";"546";"Eleições Gerais Estaduais 2022";"02/10/2022";"AP";"AP";"AMAPÁ";"7";"DEPUTADO ESTADUAL";"PARTIDO ISOLADO";"70";"AVANTE";"AVANTE";"-1";"#NULO#";"#NULO#";"#NULO#";"30001685360";"#NULO#";"AVANTE";"D";"DEFERIDO"
"01/10/2022";"13:06:03";"2022";"2";"ELEIÇÃO ORDINÁRIA";"1";"546";"Eleições Gerais Estaduais 2022";"02/10/2022";"AP";"AP";"AMAPÁ";"10";"2º SUPLENTE";"COLIGAÇÃO";"55";"PSD";"PARTIDO SOCIAL DEMOCRÁTICO";"-1";"#NULO#";"#NULO#";"#NULO#";"30001685063";"DESTRAVA AMAPA";"PROS / PSD / PTB / PSC / AGIR";"D";"DEFERIDO"
"01/10/2022";"13:06:03";"2022";"2";"ELEIÇÃO ORDINÁRIA";"1";"546";"Eleições Gerais Estaduais 2022";"02/10/2022";"AP";"AP";"AMAPÁ";"5";"SENADOR";"COLIGAÇÃO";"18";"REDE";"REDE SUSTENTABILIDADE";"3";"Federação PSOL REDE";"PSOL/REDE";"REDE / PSOL";"30001681372";"FRENTE POPULAR PELA DEMOCRACIA";"PT/PC do B/PV / PSOL/REDE / PSB";"D";"DEFERIDO"
"01/10/2022";"13:06:03";"2022";"2";"ELEIÇÃO ORDINÁRIA";"1";"546";"Eleições Gerais Estaduais 2022";"02/10/2022";"AP";"AP";"AMAPÁ";"4";"VICE-GOVERNADOR";"COLIGAÇÃO";"23";"CIDADANIA";"CIDADANIA";"1";"Federação PSDB Cidadania";"PSDB/CIDADANIA";"CIDADANIA / PSDB";"30001682188";"AMAPÁ PARA TODOS ";"PSDB/CIDADANIA / REPUBLICANOS / PP / PL / PDT / UNIÃO / SOLIDARIEDADE";"D";"DEFERIDO"
"01/10/2022";"13:06:03";"2022";"2";"ELEIÇÃO ORDINÁRIA";"1";"546";"Eleições Gerais Estaduais 2022";"02/10/2022";"AP";"AP";"AMAPÁ";"7";"DEPUTADO ESTADUAL";"FEDERAÇÃO";"18";"REDE";"REDE SUSTENTABILIDADE";"3";"Federação PSOL REDE";"PSOL/REDE";"REDE / PSOL";"30001681259";"#NULO#";"PSOL/REDE";"D";"DEFERIDO"
"01/10/2022";"13:06:03";"2022";"2";"ELEIÇÃO ORDINÁRIA";"1";"546";"Eleições Gerais Estaduais 2022";"02/10/2022";"AP";"AP";"AMAPÁ";"4";"VICE-GOVERNADOR";"COLIGAÇÃO";"55";"PSD";"PARTIDO SOCIAL DEMOCRÁTICO";"-1";"#NULO#";"#NULO#";"#NULO#";"30001683045";"PRA MUDAR DE VERDADE";"PTB / PSC / PROS / PSD / AGIR";"D";"DEFERIDO"
"01/10/2022";"13:06:03";"2022";"2";"ELEIÇÃO ORDINÁRIA";"1";"546";"Eleições Gerais Estaduais 2022";"02/10/2022";"AP";"AP";"AMAPÁ";"3";"GOVERNADOR";"COLIGAÇÃO";"45";"PSDB";"PARTIDO DA SOCIAL DEMOCRACIA BRASILEIRA";"1";"Federação PSDB Cidadania";"PSDB/CIDADANIA";"CIDADANIA / PSDB";"30001682188";"AMAPÁ PARA TODOS ";"PSDB/CIDADANIA / REPUBLICANOS / PP / PL / PDT / UNIÃO / SOLIDARIEDADE";"D";"DEFERIDO"
"01/10/2022";"13:06:03";"2022";"2";"ELEIÇÃO ORDINÁRIA";"1";"546";"Eleições Gerais Estaduais 2022";"02/10/2022";"AP";"AP";"AMAPÁ";"5";"SENADOR";"COLIGAÇÃO";"65";"PC do B";"PARTIDO COMUNISTA DO BRASIL";"2";"Federação Brasil da Esperança - FE BRASIL";"PT/PC do B/PV";"PT / PV / PC do B";"30001681372";"FRENTE POPULAR PELA DEMOCRACIA";"PT/PC do B/PV / PSOL/REDE / PSB";"D";"DEFERIDO"
"01/10/2022";"13:06:03";"2022";"2";"ELEIÇÃO ORDINÁRIA";"1";"546";"Eleições Gerais Estaduais 2022";"02/10/2022";"AP";"AP";"AMAPÁ";"6";"DEPUTADO FEDERAL";"PARTIDO ISOLADO";"40";"PSB";"PARTIDO SOCIALISTA BRASILEIRO";"-1";"#NULO#";"#NULO#";"#NULO#";"30001683426";"#NULO#";"PSB";"D";"DEFERIDO"
"01/10/2022";"13:06:03";"2022";"2";"ELEIÇÃO ORDINÁRIA";"1";"546";"Eleições Gerais Estaduais 2022";"02/10/2022";"AP";"AP";"AMAPÁ";"3";"GOVERNADOR";"COLIGAÇÃO";"77";"SOLIDARIEDADE";"SOLIDARIEDADE";"-1";"#NULO#";"#NULO#";"#NULO#";"30001682188";"AMAPÁ PARA TODOS ";"PSDB/CIDADANIA / REPUBLICANOS / PP / PL / PDT / UNIÃO / SOLIDARIEDADE";"D";"DEFERIDO"
"01/10/2022";"13:06:03";"2022";"2";"ELEIÇÃO ORDINÁRIA";"1";"546";"Eleições Gerais Estaduais 2022";"02/10/2022";"AP";"AP";"AMAPÁ";"9";"1º SUPLENTE";"COLIGAÇÃO";"10";"REPUBLICANOS";"REPUBLICANOS";"-1";"#NULO#";"#NULO#";"#NULO#";"30001681356";"AMAPÁ PARA TODOS";"SOLIDARIEDADE / UNIÃO / PP / PL / PSDB/CIDADANIA / PDT / REPUBLICANOS";"D";"DEFERIDO"
"01/10/2022";"13:06:03";"2022";"2";"ELEIÇÃO ORDINÁRIA";"1";"546";"Eleições Gerais Estaduais 2022";"02/10/2022";"AP";"AP";"AMAPÁ";"9";"1º SUPLENTE";"COLIGAÇÃO";"13";"PT";"PARTIDO DOS TRABALHADORES";"2";"Federação Brasil da Esperança - FE BRASIL";"PT/PC do B/PV";"PT / PV / PC do B";"30001681372";"FRENTE POPULAR PELA DEMOCRACIA";"PT/PC do B/PV / PSOL/REDE / PSB";"D";"DEFERIDO"
"01/10/2022";"13:06:03";"2022";"2";"ELEIÇÃO ORDINÁRIA";"1";"546";"Eleições Gerais Estaduais 2022";"02/10/2022";"AP";"AP";"AMAPÁ";"6";"DEPUTADO FEDERAL";"FEDERAÇÃO";"45";"PSDB";"PARTIDO DA SOCIAL DEMOCRACIA BRASILEIRA";"1";"Federação PSDB Cidadania";"PSDB/CIDADANIA";"CIDADANIA / PSDB";"30001682195";"#NULO#";"PSDB/CIDADANIA";"D";"DEFERIDO"
"01/10/2022";"13:06:03";"2022";"2";"ELEIÇÃO ORDINÁRIA";"1";"546";"Eleições Gerais Estaduais 2022";"02/10/2022";"AP";"AP";"AMAPÁ";"3";"GOVERNADOR";"COLIGAÇÃO";"36";"AGIR";"AGIR";"-1";"#NULO#";"#NULO#";"#NULO#";"30001683045";"PRA MUDAR DE VERDADE";"PTB / PSC / PROS / PSD / AGIR";"D";"DEFERIDO"
"01/10/2022";"13:06:03";"2022";"2";"ELEIÇÃO ORDINÁRIA";"1";"546";"Eleições Gerais Estaduais 2022";"02/10/2022";"AP";"AP";"AMAPÁ";"7";"DEPUTADO ESTADUAL";"PARTIDO ISOLADO";"44";"UNIÃO";"UNIÃO BRASIL";"-1";"#NULO#";"#NULO#";"#NULO#";"30001681325";"#NULO#";"UNIÃO";"D";"DEFERIDO"
"01/10/2022";"13:06:03";"2022";"2";"ELEIÇÃO ORDINÁRIA";"1";"546";"Eleições Gerais Estaduais 2022";"02/10/2022";"AP";"AP";"AMAPÁ";"10";"2º SUPLENTE";"COLIGAÇÃO";"12";"PDT";"PARTIDO DEMOCRÁTICO TRABALHISTA";"-1";"#NULO#";"#NULO#";"#NULO#";"30001681356";"AMAPÁ PARA TODOS";"SOLIDARIEDADE / UNIÃO / PP / PL / PSDB/CIDADANIA / PDT / REPUBLICANOS";"D";"DEFERIDO"
"01/10/2022";"13:06:03";"2022";"2";"ELEIÇÃO ORDINÁRIA";"1";"546";"Eleições Gerais Estaduais 2022";"02/10/2022";"AP";"AP";"AMAPÁ";"10";"2º SUPLENTE";"COLIGAÇÃO";"65";"PC do B";"PARTIDO COMUNISTA DO BRASIL";"2";"Federação Brasil da Esperança - FE BRASIL";"PT/PC do B/PV";"PT / PV / PC do B";"30001681372";"FRENTE POPULAR PELA DEMOCRACIA";"PT/PC do B/PV / PSOL/REDE / PSB";"D";"DEFERIDO"
"01/10/2022";"13:06:03";"2022";"2";"ELEIÇÃO ORDINÁRIA";"1";"546";"Eleições Gerais Estaduais 2022";"02/10/2022";"AP";"AP";"AMAPÁ";"6";"DEPUTADO FEDERAL";"PARTIDO ISOLADO";"36";"AGIR";"AGIR";"-1";"#NULO#";"#NULO#";"#NULO#";"30001685052";"#NULO#";"AGIR";"D";"DEFERIDO"
"01/10/2022";"13:06:03";"2022";"2";"ELEIÇÃO ORDINÁRIA";"1";"546";"Eleições Gerais Estaduais 2022";"02/10/2022";"AP";"AP";"AMAPÁ";"10";"2º SUPLENTE";"COLIGAÇÃO";"45";"PSDB";"PARTIDO DA SOCIAL DEMOCRACIA BRASILEIRA";"1";"Federação PSDB Cidadania";"PSDB/CIDADANIA";"CIDADANIA / PSDB";"30001681356";"AMAPÁ PARA TODOS";"SOLIDARIEDADE / UNIÃO / PP / PL / PSDB/CIDADANIA / PDT / REPUBLICANOS";"D";"DEFERIDO"
"01/10/2022";"13:06:03";"2022";"2";"ELEIÇÃO ORDINÁRIA";"1";"546";"Eleições Gerais Estaduais 2022";"02/10/2022";"AP";"AP";"AMAPÁ";"4";"VICE-GOVERNADOR";"COLIGAÇÃO";"15";"MDB";"MOVIMENTO DEMOCRÁTICO BRASILEIRO";"-1";"#NULO#";"#NULO#";"#NULO#";"30001682227";"EFICIÊNCIA E TRABALHO";"PODE / MDB";"D";"DEFERIDO"
"01/10/2022";"13:06:03";"2022";"2";"ELEIÇÃO ORDINÁRIA";"1";"546";"Eleições Gerais Estaduais 2022";"02/10/2022";"AP";"AP";"AMAPÁ";"4";"VICE-GOVERNADOR";"PARTIDO ISOLADO";"28";"PRTB";"PARTIDO RENOVADOR TRABALHISTA BRASILEIRO";"-1";"#NULO#";"#NULO#";"#NULO#";"30001682792";"#NULO#";"PRTB";"D";"DEFERIDO"
"01/10/2022";"13:06:03";"2022";"2";"ELEIÇÃO ORDINÁRIA";"1";"546";"Eleições Gerais Estaduais 2022";"02/10/2022";"AP";"AP";"AMAPÁ";"7";"DEPUTADO ESTADUAL";"PARTIDO ISOLADO";"20";"PSC";"PARTIDO SOCIAL CRISTÃO";"-1";"#NULO#";"#NULO#";"#NULO#";"30001681367";"#NULO#";"PSC";"D";"DEFERIDO"
"01/10/2022";"13:06:03";"2022";"2";"ELEIÇÃO ORDINÁRIA";"1";"546";"Eleições Gerais Estaduais 2022";"02/10/2022";"AP";"AP";"AMAPÁ";"7";"DEPUTADO ESTADUAL";"PARTIDO ISOLADO";"12";"PDT";"PARTIDO DEMOCRÁTICO TRABALHISTA";"-1";"#NULO#";"#NULO#";"#NULO#";"30001681219";"#NULO#";"PDT";"D";"DEFERIDO"
"01/10/2022";"13:06:03";"2022";"2";"ELEIÇÃO ORDINÁRIA";"1";"546";"Eleições Gerais Estaduais 2022";"02/10/2022";"AP";"AP";"AMAPÁ";"3";"GOVERNADOR";"COLIGAÇÃO";"12";"PDT";"PARTIDO DEMOCRÁTICO TRABALHISTA";"-1";"#NULO#";"#NULO#";"#NULO#";"30001682188";"AMAPÁ PARA TODOS ";"PSDB/CIDADANIA / REPUBLICANOS / PP / PL / PDT / UNIÃO / SOLIDARIEDADE";"D";"DEFERIDO"
"01/10/2022";"13:06:03";"2022";"2";"ELEIÇÃO ORDINÁRIA";"1";"546";"Eleições Gerais Estaduais 2022";"02/10/2022";"AP";"AP";"AMAPÁ";"9";"1º SUPLENTE";"COLIGAÇÃO";"40";"PSB";"PARTIDO SOCIALISTA BRASILEIRO";"-1";"#NULO#";"#NULO#";"#NULO#";"30001681372";"FRENTE POPULAR PELA DEMOCRACIA";"PT/PC do B/PV / PSOL/REDE / PSB";"D";"DEFERIDO"
"01/10/2022";"13:06:03";"2022";"2";"ELEIÇÃO ORDINÁRIA";"1";"546";"Eleições Gerais Estaduais 2022";"02/10/2022";"AP";"AP";"AMAPÁ";"10";"2º SUPLENTE";"COLIGAÇÃO";"11";"PP";"PROGRESSISTAS";"-1";"#NULO#";"#NULO#";"#NULO#";"30001681356";"AMAPÁ PARA TODOS";"SOLIDARIEDADE / UNIÃO / PP / PL / PSDB/CIDADANIA / PDT / REPUBLICANOS";"D";"DEFERIDO"
"01/10/2022";"13:06:03";"2022";"2";"ELEIÇÃO ORDINÁRIA";"1";"546";"Eleições Gerais Estaduais 2022";"02/10/2022";"AP";"AP";"AMAPÁ";"10";"2º SUPLENTE";"COLIGAÇÃO";"77";"SOLIDARIEDADE";"SOLIDARIEDADE";"-1";"#NULO#";"#NULO#";"#NULO#";"30001681356";"AMAPÁ PARA TODOS";"SOLIDARIEDADE / UNIÃO / PP / PL / PSDB/CIDADANIA / PDT / REPUBLICANOS";"D";"DEFERIDO"
"01/10/2022";"13:06:03";"2022";"2";"ELEIÇÃO ORDINÁRIA";"1";"546";"Eleições Gerais Estaduais 2022";"02/10/2022";"AP";"AP";"AMAPÁ";"7";"DEPUTADO ESTADUAL";"PARTIDO ISOLADO";"77";"SOLIDARIEDADE";"SOLIDARIEDADE";"-1";"#NULO#";"#NULO#";"#NULO#";"30001682611";"#NULO#";"SOLIDARIEDADE";"D";"DEFERIDO"
"01/10/2022";"13:06:03";"2022";"2";"ELEIÇÃO ORDINÁRIA";"1";"546";"Eleições Gerais Estaduais 2022";"02/10/2022";"AP";"AP";"AMAPÁ";"7";"DEPUTADO ESTADUAL";"PARTIDO ISOLADO";"90";"PROS";"PARTIDO REPUBLICANO DA ORDEM SOCIAL";"-1";"#NULO#";"#NULO#";"#NULO#";"30001680901";"#NULO#";"PROS";"D";"DEFERIDO"
"01/10/2022";"13:06:03";"2022";"2";"ELEIÇÃO ORDINÁRIA";"1";"546";"Eleições Gerais Estaduais 2022";"02/10/2022";"AP";"AP";"AMAPÁ";"4";"VICE-GOVERNADOR";"COLIGAÇÃO";"77";"SOLIDARIEDADE";"SOLIDARIEDADE";"-1";"#NULO#";"#NULO#";"#NULO#";"30001682188";"AMAPÁ PARA TODOS ";"PSDB/CIDADANIA / REPUBLICANOS / PP / PL / PDT / UNIÃO / SOLIDARIEDADE";"D";"DEFERIDO"
"01/10/2022";"13:06:03";"2022";"2";"ELEIÇÃO ORDINÁRIA";"1";"546";"Eleições Gerais Estaduais 2022";"02/10/2022";"AP";"AP";"AMAPÁ";"6";"DEPUTADO FEDERAL";"PARTIDO ISOLADO";"29";"PCO";"PARTIDO DA CAUSA OPERÁRIA";"-1";"#NULO#";"#NULO#";"#NULO#";"30001685287";"#NULO#";"PCO";"IR";"INDEFERIDO COM RECURSO"
"01/10/2022";"13:06:03";"2022";"2";"ELEIÇÃO ORDINÁRIA";"1";"546";"Eleições Gerais Estaduais 2022";"02/10/2022";"AP";"AP";"AMAPÁ";"9";"1º SUPLENTE";"COLIGAÇÃO";"45";"PSDB";"PARTIDO DA SOCIAL DEMOCRACIA BRASILEIRA";"1";"Federação PSDB Cidadania";"PSDB/CIDADANIA";"CIDADANIA / PSDB";"30001681356";"AMAPÁ PARA TODOS";"SOLIDARIEDADE / UNIÃO / PP / PL / PSDB/CIDADANIA / PDT / REPUBLICANOS";"D";"DEFERIDO"
"01/10/2022";"13:06:03";"2022";"2";"ELEIÇÃO ORDINÁRIA";"1";"546";"Eleições Gerais Estaduais 2022";"02/10/2022";"AP";"AP";"AMAPÁ";"9";"1º SUPLENTE";"COLIGAÇÃO";"20";"PSC";"PARTIDO SOCIAL CRISTÃO";"-1";"#NULO#";"#NULO#";"#NULO#";"30001685063";"DESTRAVA AMAPA";"PROS / PSD / PTB / PSC / AGIR";"D";"DEFERIDO"
"01/10/2022";"13:06:03";"2022";"2";"ELEIÇÃO ORDINÁRIA";"1";"546";"Eleições Gerais Estaduais 2022";"02/10/2022";"AP";"AP";"AMAPÁ";"10";"2º SUPLENTE";"COLIGAÇÃO";"18";"REDE";"REDE SUSTENTABILIDADE";"3";"Federação PSOL REDE";"PSOL/REDE";"REDE / PSOL";"30001681372";"FRENTE POPULAR PELA DEMOCRACIA";"PT/PC do B/PV / PSOL/REDE / PSB";"D";"DEFERIDO"
"01/10/2022";"13:06:03";"2022";"2";"ELEIÇÃO ORDINÁRIA";"1";"546";"Eleições Gerais Estaduais 2022";"02/10/2022";"AP";"AP";"AMAPÁ";"5";"SENADOR";"COLIGAÇÃO";"20";"PSC";"PARTIDO SOCIAL CRISTÃO";"-1";"#NULO#";"#NULO#";"#NULO#";"30001685063";"DESTRAVA AMAPA";"PROS / PSD / PTB / PSC / AGIR";"D";"DEFERIDO"
"01/10/2022";"13:06:03";"2022";"2";"ELEIÇÃO ORDINÁRIA";"1";"546";"Eleições Gerais Estaduais 2022";"02/10/2022";"AP";"AP";"AMAPÁ";"10";"2º SUPLENTE";"PARTIDO ISOLADO";"70";"AVANTE";"AVANTE";"-1";"#NULO#";"#NULO#";"#NULO#";"30001685424";"#NULO#";"AVANTE";"D";"DEFERIDO"
