"DT_GERACAO";"HH_GERACAO";"ANO_ELEICAO";"CD_TIPO_ELEICAO";"NM_TIPO_ELEICAO";"CD_ELEICAO";"DS_ELEICAO";"DT_ELEICAO";"SG_UF";"SG_UE";"NM_UE";"SQ_CANDIDATO";"NR_ORDEM_CANDIDATO";"CD_TIPO_BEM_CANDIDATO";"DS_TIPO_BEM_CANDIDATO";"DS_BEM_CANDIDATO";"VR_BEM_CANDIDATO";"DT_ULTIMA_ATUALIZACAO";"HH_ULTIMA_ATUALIZACAO"
"27/09/2022";"18:35:01";"2022";"2";"Eleição Ordinária";"544";"Eleição Geral Federal 2022";"02/10/2022";"BR";"BR";"BRASIL";"280001600166";"1";"21";"Veículo automotor terrestre: caminhão, automóvel, moto, etc.";"Motocicleta CG Start 160 Honda em pagamento";"12000,00";"08/09/2022";"16:40:16"
"27/09/2022";"18:35:01";"2022";"2";"Eleição Ordinária";"544";"Eleição Geral Federal 2022";"02/10/2022";"BR";"BR";"BRASIL";"280001600166";"2";"61";"Depósito bancário em conta corrente no País";"conta corrente";"1300,00";"08/09/2022";"16:40:16"
"27/09/2022";"18:35:01";"2022";"2";"Eleição Ordinária";"544";"Eleição Geral Federal 2022";"02/10/2022";"BR";"BR";"BRASIL";"280001600167";"1";"11";"Apartamento";"50% de um apartamento em São Paulo";"200000,00";"08/09/2022";"16:40:16"
"27/09/2022";"18:35:01";"2022";"2";"Eleição Ordinária";"544";"Eleição Geral Federal 2022";"02/10/2022";"BR";"BR";"BRASIL";"280001600167";"2";"12";"Casa";"Localizada em Vitoria da Conquista";"294000,00";"08/09/2022";"16:40:16"
"27/09/2022";"18:35:01";"2022";"2";"Eleição Ordinária";"544";"Eleição Geral Federal 2022";"02/10/2022";"BR";"BR";"BRASIL";"280001600167";"3";"41";"Caderneta de poupança";"conta poupança";"4000,00";"08/09/2022";"16:40:16"
"27/09/2022";"18:35:01";"2022";"2";"Eleição Ordinária";"544";"Eleição Geral Federal 2022";"02/10/2022";"BR";"BR";"BRASIL";"280001600179";"1";"11";"Apartamento";"APARTAMENTO EM APARECIDA DE GOIANIA QUITADO NESSE PERIODO ";"100000,00";"23/09/2022";"16:32:35"
"27/09/2022";"18:35:01";"2022";"2";"Eleição Ordinária";"544";"Eleição Geral Federal 2022";"02/10/2022";"BR";"BR";"BRASIL";"280001600179";"2";"15";"Sala ou conjunto";"SALA COMERCIAL GOIAS CENTER MODAS- AV. GOIAS NORTE, 4066 - ST. CRIMEIA OESTE, GOIANIA GO 35M2 ";"100000,00";"23/09/2022";"16:32:35"
"27/09/2022";"18:35:01";"2022";"2";"Eleição Ordinária";"544";"Eleição Geral Federal 2022";"02/10/2022";"BR";"BR";"BRASIL";"280001600179";"3";"19";"Outros bens imóveis";"CHAGARA EM TRINDADE, SENDO UMA ENTRADA DE 3.000,00 E 120 PARCELAS DE 600,00 ADQUIRIDA EM 2016 CONFOME CONTRATO DE COMPRA E VENDA VALOR PAGO R$ 7.200,00. ";"54984,33";"23/09/2022";"16:32:35"
"27/09/2022";"18:35:01";"2022";"2";"Eleição Ordinária";"544";"Eleição Geral Federal 2022";"02/10/2022";"BR";"BR";"BRASIL";"280001600179";"4";"24";"Bem relacionado com o exercício da atividade autônoma";"CNPJ: 36.614.934/0001-60 NOME EMPRESARIAL: MARCAL PARTICIPACOES LTDA CAPITAL SOCIAL: R$500.000,00 (QUINHENTOS MIL REAIS) - 50% PABLO MARCAL E 50% CAROL MARCAL ";"250000,00";"23/09/2022";"16:32:35"
"27/09/2022";"18:35:01";"2022";"2";"Eleição Ordinária";"544";"Eleição Geral Federal 2022";"02/10/2022";"BR";"BR";"BRASIL";"280001600179";"5";"24";"Bem relacionado com o exercício da atividade autônoma";"CNPJ: 40.605.140/0001-08 NOME EMPRESARIAL: MARCAL HOLDING LTDA CAPITAL SOCIAL: R$500.000,00 (QUINHENTOS MIL REAIS) - 50% PABLO MARCAL E 50% CAROL MARCAL ";"250000,00";"23/09/2022";"16:32:35"
"27/09/2022";"18:35:01";"2022";"2";"Eleição Ordinária";"544";"Eleição Geral Federal 2022";"02/10/2022";"BR";"BR";"BRASIL";"280001600179";"6";"31";"Ações (inclusive as provenientes de linha telefônica)";"AÇÕES/COTAS CIEL3 CUSTO AQUISIÇAO R$ 3,41";"6822,05";"23/09/2022";"16:32:35"
"27/09/2022";"18:35:01";"2022";"2";"Eleição Ordinária";"544";"Eleição Geral Federal 2022";"02/10/2022";"BR";"BR";"BRASIL";"280001600179";"7";"31";"Ações (inclusive as provenientes de linha telefônica)";"100 AÇÕES/COTAS QUAL3 CUSTO AQUISICAO R$ 22,25";"2225,66";"23/09/2022";"16:32:35"
"27/09/2022";"18:35:01";"2022";"2";"Eleição Ordinária";"544";"Eleição Geral Federal 2022";"02/10/2022";"BR";"BR";"BRASIL";"280001600179";"8";"31";"Ações (inclusive as provenientes de linha telefônica)";"2155 AÇÕES/COTAS TGAR11 CUSTO AQUISICAO R$ 118,31";"254961,78";"23/09/2022";"16:32:35"
"27/09/2022";"18:35:01";"2022";"2";"Eleição Ordinária";"544";"Eleição Geral Federal 2022";"02/10/2022";"BR";"BR";"BRASIL";"280001600179";"9";"31";"Ações (inclusive as provenientes de linha telefônica)";"422 AÇÕES/COTAS IRDM11 CUSTO AQUISICAO R$ 117,77";"49698,98";"23/09/2022";"16:32:35"
"27/09/2022";"18:35:01";"2022";"2";"Eleição Ordinária";"544";"Eleição Geral Federal 2022";"02/10/2022";"BR";"BR";"BRASIL";"280001600179";"10";"31";"Ações (inclusive as provenientes de linha telefônica)";"500 AÇÕES/COTAS SULA11 CUSTO AQUISICAO R$ 29,62";"14814,44";"23/09/2022";"16:32:35"
"27/09/2022";"18:35:01";"2022";"2";"Eleição Ordinária";"544";"Eleição Geral Federal 2022";"02/10/2022";"BR";"BR";"BRASIL";"280001600179";"11";"31";"Ações (inclusive as provenientes de linha telefônica)";"4000 AÇÕES/COTAS KISU11 CUSTO AQUISICAO R$ 9,23";"36921,06";"23/09/2022";"16:32:35"
"27/09/2022";"18:35:01";"2022";"2";"Eleição Ordinária";"544";"Eleição Geral Federal 2022";"02/10/2022";"BR";"BR";"BRASIL";"280001600179";"12";"31";"Ações (inclusive as provenientes de linha telefônica)";"300 AÇÕES/COTAS DEVA11 CUSTO AQUISICAO R$103,78";"31134,34";"23/09/2022";"16:32:35"
"27/09/2022";"18:35:01";"2022";"2";"Eleição Ordinária";"544";"Eleição Geral Federal 2022";"02/10/2022";"BR";"BR";"BRASIL";"280001600179";"13";"31";"Ações (inclusive as provenientes de linha telefônica)";"356 AÇÕES/COTAS RELG11 CUSTO AQUISICAO R$ 89,01";"31687,85";"23/09/2022";"16:32:35"
"27/09/2022";"18:35:01";"2022";"2";"Eleição Ordinária";"544";"Eleição Geral Federal 2022";"02/10/2022";"BR";"BR";"BRASIL";"280001600179";"14";"31";"Ações (inclusive as provenientes de linha telefônica)";"42000 AÇÕES/COTAS MGLU3 CUSTO AQUISICAO R$ 9,66";"405932,67";"23/09/2022";"16:32:35"
"27/09/2022";"18:35:01";"2022";"2";"Eleição Ordinária";"544";"Eleição Geral Federal 2022";"02/10/2022";"BR";"BR";"BRASIL";"280001600179";"15";"31";"Ações (inclusive as provenientes de linha telefônica)";"5300 AÇÕES/COTAS BBDC4 CUSTO AQUISICAO R$ 22,85";"121151,46";"23/09/2022";"16:32:35"
"27/09/2022";"18:35:01";"2022";"2";"Eleição Ordinária";"544";"Eleição Geral Federal 2022";"02/10/2022";"BR";"BR";"BRASIL";"280001600179";"16";"31";"Ações (inclusive as provenientes de linha telefônica)";"100 AÇÕES/COTAS VIVR3 CUSTO AQUISICAO R$ 2,72";"272,08";"23/09/2022";"16:32:35"
"27/09/2022";"18:35:01";"2022";"2";"Eleição Ordinária";"544";"Eleição Geral Federal 2022";"02/10/2022";"BR";"BR";"BRASIL";"280001600179";"17";"39";"Outras participações societárias";"Lucros e dividendos recebidos";"13712659,00";"23/09/2022";"16:32:35"
"27/09/2022";"18:35:01";"2022";"2";"Eleição Ordinária";"544";"Eleição Geral Federal 2022";"02/10/2022";"BR";"BR";"BRASIL";"280001600179";"18";"39";"Outras participações societárias";"Incorporação de reservas ao capital/ Bonificações em ações";"2444,68";"23/09/2022";"16:32:35"
"27/09/2022";"18:35:01";"2022";"2";"Eleição Ordinária";"544";"Eleição Geral Federal 2022";"02/10/2022";"BR";"BR";"BRASIL";"280001600179";"19";"45";"Aplicação de renda fixa (CDB, RDB e outros)";"Juros sobre capital próprio";"9416,36";"23/09/2022";"16:32:35"
"27/09/2022";"18:35:01";"2022";"2";"Eleição Ordinária";"544";"Eleição Geral Federal 2022";"02/10/2022";"BR";"BR";"BRASIL";"280001600179";"20";"45";"Aplicação de renda fixa (CDB, RDB e outros)";"SALDO APLICACAO CDB JUNTO BANCO ITAU";"110164,64";"23/09/2022";"16:32:35"
"27/09/2022";"18:35:01";"2022";"2";"Eleição Ordinária";"544";"Eleição Geral Federal 2022";"02/10/2022";"BR";"BR";"BRASIL";"280001600179";"21";"45";"Aplicação de renda fixa (CDB, RDB e outros)";"SALDO APLICACAO RENDA FIXA NU FINANCEIRA S.A";"113191,20";"23/09/2022";"16:32:35"
"27/09/2022";"18:35:01";"2022";"2";"Eleição Ordinária";"544";"Eleição Geral Federal 2022";"02/10/2022";"BR";"BR";"BRASIL";"280001600179";"22";"61";"Depósito bancário em conta corrente no País";"SALDO CONTA CORRENTE JUNTO BANCO ITAU S.A";"13951,27";"23/09/2022";"16:32:35"
"27/09/2022";"18:35:01";"2022";"2";"Eleição Ordinária";"544";"Eleição Geral Federal 2022";"02/10/2022";"BR";"BR";"BRASIL";"280001600179";"23";"61";"Depósito bancário em conta corrente no País";"SALDO CONTA CORRENTE JUNTO BANCO ITAU S.A";"10,00";"23/09/2022";"16:32:35"
"27/09/2022";"18:35:01";"2022";"2";"Eleição Ordinária";"544";"Eleição Geral Federal 2022";"02/10/2022";"BR";"BR";"BRASIL";"280001600179";"24";"61";"Depósito bancário em conta corrente no País";"SALDO CONTA CORRENTE JUNTO XP INVESTIMENTOS CCTVM S/A ";"2415,72";"23/09/2022";"16:32:35"
"27/09/2022";"18:35:01";"2022";"2";"Eleição Ordinária";"544";"Eleição Geral Federal 2022";"02/10/2022";"BR";"BR";"BRASIL";"280001600179";"25";"61";"Depósito bancário em conta corrente no País";"VALOR EM CONTA PAYONNER- USD 187.315,17 CONVERTIDO COM A PTAX 31.12.2020 - 5,6407- VALOR U$ 58.733,51 ( CONVERTIDO COM A PTAX 5,5799 REAUBRL) EM 31/12/2021 ";"327727,11";"23/09/2022";"16:32:35"
"27/09/2022";"18:35:01";"2022";"2";"Eleição Ordinária";"544";"Eleição Geral Federal 2022";"02/10/2022";"BR";"BR";"BRASIL";"280001600179";"26";"74";"Fundos: Ações, Mútuos de Privatização, Invest. Empresas Emergentes, Invest.Participação e Invest. Índice Mercado";"Rendimentos de aplicações financeiras";"20206,39";"23/09/2022";"16:32:35"
"27/09/2022";"18:35:01";"2022";"2";"Eleição Ordinária";"544";"Eleição Geral Federal 2022";"02/10/2022";"BR";"BR";"BRASIL";"280001600179";"27";"95";"Consórcio não contemplado";"CONSORCIO GOVESA- CONTRATO 105265 - SALDO DEVEDOR 271.351,82 - PAGAS 19.348,51, VALORES PAGO 2021 R$ 17.353,99.";"288705,81";"23/09/2022";"16:32:35"
"27/09/2022";"18:35:01";"2022";"2";"Eleição Ordinária";"544";"Eleição Geral Federal 2022";"02/10/2022";"BR";"BR";"BRASIL";"280001600179";"28";"95";"Consórcio não contemplado";"CONSORCIO NEW HOLLAND- 05032/0170.00 - SALDO DEVEDOR 70.875,64- VALOR PAGO R$ 20.146,37 SADO DEVEDOR R$ 87.841,02. ";"34860,40";"23/09/2022";"16:32:35"
"27/09/2022";"18:35:01";"2022";"2";"Eleição Ordinária";"544";"Eleição Geral Federal 2022";"02/10/2022";"BR";"BR";"BRASIL";"280001600179";"29";"99";"OUTROS BENS E DIREITOS";"OUTROS";"2783,37";"23/09/2022";"16:32:35"
"27/09/2022";"18:35:01";"2022";"2";"Eleição Ordinária";"544";"Eleição Geral Federal 2022";"02/10/2022";"BR";"BR";"BRASIL";"280001600179";"30";"99";"OUTROS BENS E DIREITOS";"PARTICIPACAÇAO SCP POOL EDUTECH";"98390,31";"23/09/2022";"16:32:35"
"27/09/2022";"18:35:01";"2022";"2";"Eleição Ordinária";"544";"Eleição Geral Federal 2022";"02/10/2022";"BR";"BR";"BRASIL";"280001600179";"31";"99";"OUTROS BENS E DIREITOS";"PARTICIPACAO SCP POOL O ANJO";"100000,00";"23/09/2022";"16:32:35"
"27/09/2022";"18:35:01";"2022";"2";"Eleição Ordinária";"544";"Eleição Geral Federal 2022";"02/10/2022";"BR";"BR";"BRASIL";"280001600179";"32";"99";"OUTROS BENS E DIREITOS";"PARTICIPACAÇAO SCP POOL BRASIL 6";"100000,00";"23/09/2022";"16:32:35"
"27/09/2022";"18:35:01";"2022";"2";"Eleição Ordinária";"544";"Eleição Geral Federal 2022";"02/10/2022";"BR";"BR";"BRASIL";"280001600179";"33";"99";"OUTROS BENS E DIREITOS";"PARTICIPACAO SCP POOL ANGEL LIST li";"100000,00";"23/09/2022";"16:32:35"
"27/09/2022";"18:35:01";"2022";"2";"Eleição Ordinária";"544";"Eleição Geral Federal 2022";"02/10/2022";"BR";"BR";"BRASIL";"280001600179";"34";"99";"OUTROS BENS E DIREITOS";"PARTICIPACAO SCP POOL SPORTTECH";"95934,56";"23/09/2022";"16:32:35"
"27/09/2022";"18:35:01";"2022";"2";"Eleição Ordinária";"544";"Eleição Geral Federal 2022";"02/10/2022";"BR";"BR";"BRASIL";"280001600179";"35";"99";"OUTROS BENS E DIREITOS";"PARTICIPACAO SCP PRIMO RICO";"99073,63";"23/09/2022";"16:32:35"
"27/09/2022";"18:35:01";"2022";"2";"Eleição Ordinária";"544";"Eleição Geral Federal 2022";"02/10/2022";"BR";"BR";"BRASIL";"280001600179";"36";"39";"Outras participações societárias";"0% CAPITAL SOCIAL DA EMPRESA AVIATION PARTICIPAÇÕES LTDA CONSTITUÍDA EM 18/10/2021 COM VALOR TOTAL DO CAPITAL SOCIAL DE R$ 100.000.000,00 (CEM MILHÕES DE REAIS) SENDO QUE R$ 80.000.000.00 EM NOME DO P";"80000000,00";"23/09/2022";"16:32:35"
"27/09/2022";"18:35:01";"2022";"2";"Eleição Ordinária";"544";"Eleição Geral Federal 2022";"02/10/2022";"BR";"BR";"BRASIL";"280001602702";"1";"41";"Caderneta de poupança";"CONTA";"197,31";"10/09/2022";"15:06:29"
"27/09/2022";"18:35:01";"2022";"2";"Eleição Ordinária";"544";"Eleição Geral Federal 2022";"02/10/2022";"BR";"BR";"BRASIL";"280001602703";"1";"41";"Caderneta de poupança";"conta";"15,00";"10/09/2022";"15:06:29"
"27/09/2022";"18:35:01";"2022";"2";"Eleição Ordinária";"544";"Eleição Geral Federal 2022";"02/10/2022";"BR";"BR";"BRASIL";"280001602703";"2";"61";"Depósito bancário em conta corrente no País";"dinheiro de natureza salarial";"2549,06";"10/09/2022";"15:06:29"
"27/09/2022";"18:35:01";"2022";"2";"Eleição Ordinária";"544";"Eleição Geral Federal 2022";"02/10/2022";"BR";"BR";"BRASIL";"280001602703";"3";"61";"Depósito bancário em conta corrente no País";"dinheiro de natureza salarial";"800,49";"10/09/2022";"15:06:29"
"27/09/2022";"18:35:01";"2022";"2";"Eleição Ordinária";"544";"Eleição Geral Federal 2022";"02/10/2022";"BR";"BR";"BRASIL";"280001603611";"1";"11";"Apartamento";"50% apartamento em Belo Horizonte matrícula 75223";"117445,98";"10/09/2022";"15:06:29"
"27/09/2022";"18:35:01";"2022";"2";"Eleição Ordinária";"544";"Eleição Geral Federal 2022";"02/10/2022";"BR";"BR";"BRASIL";"280001603611";"2";"31";"Ações (inclusive as provenientes de linha telefônica)";"Investimentos em BDRs";"55538,21";"10/09/2022";"15:06:29"
"27/09/2022";"18:35:01";"2022";"2";"Eleição Ordinária";"544";"Eleição Geral Federal 2022";"02/10/2022";"BR";"BR";"BRASIL";"280001603611";"3";"45";"Aplicação de renda fixa (CDB, RDB e outros)";"Aplicações em Renda Fixa";"1005766,39";"10/09/2022";"15:06:29"
"27/09/2022";"18:35:01";"2022";"2";"Eleição Ordinária";"544";"Eleição Geral Federal 2022";"02/10/2022";"BR";"BR";"BRASIL";"280001603611";"4";"61";"Depósito bancário em conta corrente no País";"Saldo em Contas Correntes";"87,41";"10/09/2022";"15:06:29"
"27/09/2022";"18:35:01";"2022";"2";"Eleição Ordinária";"544";"Eleição Geral Federal 2022";"02/10/2022";"BR";"BR";"BRASIL";"280001603611";"5";"79";"Outros fundos";"Aplicações em Fundos de Investimentos";"697029,28";"10/09/2022";"15:06:29"
"27/09/2022";"18:35:01";"2022";"2";"Eleição Ordinária";"544";"Eleição Geral Federal 2022";"02/10/2022";"BR";"BR";"BRASIL";"280001603611";"6";"97";"VGBL - Vida Gerador de Benefício Livre";"Aplicação em VGBL";"50000,00";"10/09/2022";"15:06:29"
"27/09/2022";"18:35:01";"2022";"2";"Eleição Ordinária";"544";"Eleição Geral Federal 2022";"02/10/2022";"BR";"BR";"BRASIL";"280001603612";"1";"12";"Casa";"Imóvel em Indaiatuba/SP";"983515,20";"08/09/2022";"16:40:16"
"27/09/2022";"18:35:01";"2022";"2";"Eleição Ordinária";"544";"Eleição Geral Federal 2022";"02/10/2022";"BR";"BR";"BRASIL";"280001603612";"2";"12";"Casa";"Imóvel em Piracicaba/SP";"2365000,00";"08/09/2022";"16:40:16"
"27/09/2022";"18:35:01";"2022";"2";"Eleição Ordinária";"544";"Eleição Geral Federal 2022";"02/10/2022";"BR";"BR";"BRASIL";"280001603612";"3";"32";"Quotas ou quinhões de capital";"5.000 cotas da empresa Sykue Bioenergya Eletricidade S/A, CNPJ 07.777.336/0001-04";"2250000,00";"08/09/2022";"16:40:16"
"27/09/2022";"18:35:01";"2022";"2";"Eleição Ordinária";"544";"Eleição Geral Federal 2022";"02/10/2022";"BR";"BR";"BRASIL";"280001603612";"4";"32";"Quotas ou quinhões de capital";"8,452% da empresa Accion Internacional - CNPJ 10.517.714/0001-25";"1206147,32";"08/09/2022";"16:40:16"
"27/09/2022";"18:35:01";"2022";"2";"Eleição Ordinária";"544";"Eleição Geral Federal 2022";"02/10/2022";"BR";"BR";"BRASIL";"280001603612";"5";"32";"Quotas ou quinhões de capital";"99,93% da empresa Virtu News Serviços de Notícias Ltda. - CNPJ 33.561.794/0001-11";"150900,00";"08/09/2022";"16:40:16"
"27/09/2022";"18:35:01";"2022";"2";"Eleição Ordinária";"544";"Eleição Geral Federal 2022";"02/10/2022";"BR";"BR";"BRASIL";"280001603612";"6";"32";"Quotas ou quinhões de capital";"Participação na empresa Hyde Park Investimentos LLC";"7095166,30";"08/09/2022";"16:40:16"
"27/09/2022";"18:35:01";"2022";"2";"Eleição Ordinária";"544";"Eleição Geral Federal 2022";"02/10/2022";"BR";"BR";"BRASIL";"280001603612";"7";"32";"Quotas ou quinhões de capital";"Cotas da LFD Participações Ltda. CNPJ 73.732.273/0001-02";"10329000,00";"08/09/2022";"16:40:16"
"27/09/2022";"18:35:01";"2022";"2";"Eleição Ordinária";"544";"Eleição Geral Federal 2022";"02/10/2022";"BR";"BR";"BRASIL";"280001603612";"8";"45";"Aplicação de renda fixa (CDB, RDB e outros)";"Renda fixa em instituições financeiras";"238578,79";"08/09/2022";"16:40:16"
"27/09/2022";"18:35:01";"2022";"2";"Eleição Ordinária";"544";"Eleição Geral Federal 2022";"02/10/2022";"BR";"BR";"BRASIL";"280001603612";"9";"49";"Outras aplicações e Investimentos";"Ativa Investimentos";"1320,05";"08/09/2022";"16:40:16"
"27/09/2022";"18:35:01";"2022";"2";"Eleição Ordinária";"544";"Eleição Geral Federal 2022";"02/10/2022";"BR";"BR";"BRASIL";"280001607829";"1";"41";"Caderneta de poupança";"Poupança";"0,02";"11/09/2022";"12:29:49"
"27/09/2022";"18:35:01";"2022";"2";"Eleição Ordinária";"544";"Eleição Geral Federal 2022";"02/10/2022";"BR";"BR";"BRASIL";"280001607829";"2";"61";"Depósito bancário em conta corrente no País";"Saldo em conta corrente";"1,00";"11/09/2022";"12:29:49"
"27/09/2022";"18:35:01";"2022";"2";"Eleição Ordinária";"544";"Eleição Geral Federal 2022";"02/10/2022";"BR";"BR";"BRASIL";"280001607829";"3";"61";"Depósito bancário em conta corrente no País";"Saldo em conta corrente";"2180,00";"11/09/2022";"12:29:49"
"27/09/2022";"18:35:01";"2022";"2";"Eleição Ordinária";"544";"Eleição Geral Federal 2022";"02/10/2022";"BR";"BR";"BRASIL";"280001607829";"4";"11";"Apartamento";"Apartamento";"94571,25";"11/09/2022";"12:29:49"
"27/09/2022";"18:35:01";"2022";"2";"Eleição Ordinária";"544";"Eleição Geral Federal 2022";"02/10/2022";"BR";"BR";"BRASIL";"280001607829";"5";"11";"Apartamento";"Apartamento";"19167,34";"11/09/2022";"12:29:49"
"27/09/2022";"18:35:01";"2022";"2";"Eleição Ordinária";"544";"Eleição Geral Federal 2022";"02/10/2022";"BR";"BR";"BRASIL";"280001607829";"6";"13";"Terreno";"Terreno";"265000,00";"11/09/2022";"12:29:49"
"27/09/2022";"18:35:01";"2022";"2";"Eleição Ordinária";"544";"Eleição Geral Federal 2022";"02/10/2022";"BR";"BR";"BRASIL";"280001607829";"7";"13";"Terreno";"Terreno";"130000,00";"11/09/2022";"12:29:49"
"27/09/2022";"18:35:01";"2022";"2";"Eleição Ordinária";"544";"Eleição Geral Federal 2022";"02/10/2022";"BR";"BR";"BRASIL";"280001607829";"8";"21";"Veículo automotor terrestre: caminhão, automóvel, moto, etc.";"Automóvel";"85000,00";"11/09/2022";"12:29:49"
"27/09/2022";"18:35:01";"2022";"2";"Eleição Ordinária";"544";"Eleição Geral Federal 2022";"02/10/2022";"BR";"BR";"BRASIL";"280001607829";"9";"21";"Veículo automotor terrestre: caminhão, automóvel, moto, etc.";"Automóvel";"48475,00";"11/09/2022";"12:29:49"
"27/09/2022";"18:35:01";"2022";"2";"Eleição Ordinária";"544";"Eleição Geral Federal 2022";"02/10/2022";"BR";"BR";"BRASIL";"280001607829";"10";"45";"Aplicação de renda fixa (CDB, RDB e outros)";"CDB ";"185744,81";"11/09/2022";"12:29:49"
"27/09/2022";"18:35:01";"2022";"2";"Eleição Ordinária";"544";"Eleição Geral Federal 2022";"02/10/2022";"BR";"BR";"BRASIL";"280001607829";"11";"99";"OUTROS BENS E DIREITOS";"Crédito decorrente de procedência de demanda judicial";"179298,96";"11/09/2022";"12:29:49"
"27/09/2022";"18:35:01";"2022";"2";"Eleição Ordinária";"544";"Eleição Geral Federal 2022";"02/10/2022";"BR";"BR";"BRASIL";"280001607829";"12";"97";"VGBL - Vida Gerador de Benefício Livre";"VGBL";"5570798,99";"11/09/2022";"12:29:49"
"27/09/2022";"18:35:01";"2022";"2";"Eleição Ordinária";"544";"Eleição Geral Federal 2022";"02/10/2022";"BR";"BR";"BRASIL";"280001607829";"13";"16";"Construção";"Casa em construção";"246918,82";"11/09/2022";"12:29:49"
"27/09/2022";"18:35:01";"2022";"2";"Eleição Ordinária";"544";"Eleição Geral Federal 2022";"02/10/2022";"BR";"BR";"BRASIL";"280001607829";"14";"99";"OUTROS BENS E DIREITOS";"Devolução de valores bloqueados por determinação judicial";"250722,03";"11/09/2022";"12:29:49"
"27/09/2022";"18:35:01";"2022";"2";"Eleição Ordinária";"544";"Eleição Geral Federal 2022";"02/10/2022";"BR";"BR";"BRASIL";"280001607829";"15";"51";"Crédito decorrente de empréstimo";"Crédito decorrente de empréstimo pessoal";"200000,00";"11/09/2022";"12:29:49"
"27/09/2022";"18:35:01";"2022";"2";"Eleição Ordinária";"544";"Eleição Geral Federal 2022";"02/10/2022";"BR";"BR";"BRASIL";"280001607829";"16";"71";"Fundo de Curto Prazo";"Fundo de Curto Prazo";"1213,17";"11/09/2022";"12:29:49"
"27/09/2022";"18:35:01";"2022";"2";"Eleição Ordinária";"544";"Eleição Geral Federal 2022";"02/10/2022";"BR";"BR";"BRASIL";"280001607829";"17";"51";"Crédito decorrente de empréstimo";"Crédito decorrente de empréstimo pessoal";"50000,00";"11/09/2022";"12:29:49"
"27/09/2022";"18:35:01";"2022";"2";"Eleição Ordinária";"544";"Eleição Geral Federal 2022";"02/10/2022";"BR";"BR";"BRASIL";"280001607829";"18";"11";"Apartamento";"Apartamento";"19167,34";"11/09/2022";"12:29:49"
"27/09/2022";"18:35:01";"2022";"2";"Eleição Ordinária";"544";"Eleição Geral Federal 2022";"02/10/2022";"BR";"BR";"BRASIL";"280001607829";"19";"13";"Terreno";"Terreno";"2733,45";"11/09/2022";"12:29:49"
"27/09/2022";"18:35:01";"2022";"2";"Eleição Ordinária";"544";"Eleição Geral Federal 2022";"02/10/2022";"BR";"BR";"BRASIL";"280001607829";"20";"32";"Quotas ou quinhões de capital";"Empresa";"49000,00";"11/09/2022";"12:29:49"
"27/09/2022";"18:35:01";"2022";"2";"Eleição Ordinária";"544";"Eleição Geral Federal 2022";"02/10/2022";"BR";"BR";"BRASIL";"280001607829";"21";"41";"Caderneta de poupança";"Poupança";"4719,20";"11/09/2022";"12:29:49"
"27/09/2022";"18:35:01";"2022";"2";"Eleição Ordinária";"544";"Eleição Geral Federal 2022";"02/10/2022";"BR";"BR";"BRASIL";"280001607829";"22";"61";"Depósito bancário em conta corrente no País";"Saldo em conta corrente";"18681,23";"11/09/2022";"12:29:49"
"27/09/2022";"18:35:01";"2022";"2";"Eleição Ordinária";"544";"Eleição Geral Federal 2022";"02/10/2022";"BR";"BR";"BRASIL";"280001607829";"23";"49";"Outras aplicações e Investimentos";"Aplicação financeira";"333,17";"11/09/2022";"12:29:49"
"27/09/2022";"18:35:01";"2022";"2";"Eleição Ordinária";"544";"Eleição Geral Federal 2022";"02/10/2022";"BR";"BR";"BRASIL";"280001607830";"1";"11";"Apartamento";"Apartamento";"323806,02";"10/09/2022";"15:06:29"
"27/09/2022";"18:35:01";"2022";"2";"Eleição Ordinária";"544";"Eleição Geral Federal 2022";"02/10/2022";"BR";"BR";"BRASIL";"280001607830";"2";"12";"Casa";"Casa";"52822,98";"10/09/2022";"15:06:29"
"27/09/2022";"18:35:01";"2022";"2";"Eleição Ordinária";"544";"Eleição Geral Federal 2022";"02/10/2022";"BR";"BR";"BRASIL";"280001607830";"3";"13";"Terreno";"Gleba de terras";"110959,51";"10/09/2022";"15:06:29"
"27/09/2022";"18:35:01";"2022";"2";"Eleição Ordinária";"544";"Eleição Geral Federal 2022";"02/10/2022";"BR";"BR";"BRASIL";"280001607830";"4";"13";"Terreno";"Gleba de terra";"30091,04";"10/09/2022";"15:06:29"
"27/09/2022";"18:35:01";"2022";"2";"Eleição Ordinária";"544";"Eleição Geral Federal 2022";"02/10/2022";"BR";"BR";"BRASIL";"280001607830";"5";"97";"VGBL - Vida Gerador de Benefício Livre";"VGBL";"1159,81";"10/09/2022";"15:06:29"
"27/09/2022";"18:35:01";"2022";"2";"Eleição Ordinária";"544";"Eleição Geral Federal 2022";"02/10/2022";"BR";"BR";"BRASIL";"280001607830";"6";"97";"VGBL - Vida Gerador de Benefício Livre";"VGBL";"314863,23";"10/09/2022";"15:06:29"
"27/09/2022";"18:35:01";"2022";"2";"Eleição Ordinária";"544";"Eleição Geral Federal 2022";"02/10/2022";"BR";"BR";"BRASIL";"280001607830";"7";"72";"Fundo de Longo Prazo e Fundo de Investimentos em Direitos Creditórios (FIDC)";"Fundo de Investimento";"172025,83";"10/09/2022";"15:06:29"
"27/09/2022";"18:35:01";"2022";"2";"Eleição Ordinária";"544";"Eleição Geral Federal 2022";"02/10/2022";"BR";"BR";"BRASIL";"280001607831";"1";"41";"Caderneta de poupança";"POUPANÇA OURO NO BANCO DO BRASIL";"8805,00";"08/09/2022";"16:40:16"
"27/09/2022";"18:35:01";"2022";"2";"Eleição Ordinária";"544";"Eleição Geral Federal 2022";"02/10/2022";"BR";"BR";"BRASIL";"280001607833";"1";"11";"Apartamento";"UM APARTAMENTO NA CIDADE DE GRANDE/MS";"81903,69";"08/09/2022";"16:40:16"
"27/09/2022";"18:35:01";"2022";"2";"Eleição Ordinária";"544";"Eleição Geral Federal 2022";"02/10/2022";"BR";"BR";"BRASIL";"280001607833";"2";"11";"Apartamento";"UM APARTAMENTO NA CIDADE DE GRANDE/MS";"310000,00";"08/09/2022";"16:40:16"
"27/09/2022";"18:35:01";"2022";"2";"Eleição Ordinária";"544";"Eleição Geral Federal 2022";"02/10/2022";"BR";"BR";"BRASIL";"280001607833";"3";"11";"Apartamento";"UM APARTAMENTO NA CIDADE DE TRES LAGOAS/MS";"200000,00";"08/09/2022";"16:40:16"
"27/09/2022";"18:35:01";"2022";"2";"Eleição Ordinária";"544";"Eleição Geral Federal 2022";"02/10/2022";"BR";"BR";"BRASIL";"280001607833";"4";"11";"Apartamento";"UM APARTAMENTO NA CIDADE DE TRES LAGOAS/MS";"200000,00";"08/09/2022";"16:40:16"
"27/09/2022";"18:35:01";"2022";"2";"Eleição Ordinária";"544";"Eleição Geral Federal 2022";"02/10/2022";"BR";"BR";"BRASIL";"280001607833";"5";"11";"Apartamento";"UM APARTAMENTO NA CIDADE DE TRES LAGOAS/MS";"200000,00";"08/09/2022";"16:40:16"
"27/09/2022";"18:35:01";"2022";"2";"Eleição Ordinária";"544";"Eleição Geral Federal 2022";"02/10/2022";"BR";"BR";"BRASIL";"280001607833";"6";"11";"Apartamento";"UM APARTAMENTO NA CIDADE DE TRES LAGOAS/MS";"200000,00";"08/09/2022";"16:40:16"
"27/09/2022";"18:35:01";"2022";"2";"Eleição Ordinária";"544";"Eleição Geral Federal 2022";"02/10/2022";"BR";"BR";"BRASIL";"280001607833";"7";"11";"Apartamento";"UM APARTAMENTO NA CIDADE DE CAMPO GRANDE/MS";"200000,00";"08/09/2022";"16:40:16"
"27/09/2022";"18:35:01";"2022";"2";"Eleição Ordinária";"544";"Eleição Geral Federal 2022";"02/10/2022";"BR";"BR";"BRASIL";"280001607833";"8";"12";"Casa";"UMA CASA NA CIDADE DE CAMPO GRANDE/MS";"52000,00";"08/09/2022";"16:40:16"
"27/09/2022";"18:35:01";"2022";"2";"Eleição Ordinária";"544";"Eleição Geral Federal 2022";"02/10/2022";"BR";"BR";"BRASIL";"280001607833";"9";"12";"Casa";"UMA CASA NA CIDADE DE TRES LAGOAS/MS";"69397,28";"08/09/2022";"16:40:16"
"27/09/2022";"18:35:01";"2022";"2";"Eleição Ordinária";"544";"Eleição Geral Federal 2022";"02/10/2022";"BR";"BR";"BRASIL";"280001607833";"10";"13";"Terreno";"UM TERRENO URBANO NA CIDADE DE TRES LAGOAS/MS";"94000,00";"08/09/2022";"16:40:16"
"27/09/2022";"18:35:01";"2022";"2";"Eleição Ordinária";"544";"Eleição Geral Federal 2022";"02/10/2022";"BR";"BR";"BRASIL";"280001607833";"11";"13";"Terreno";"UM TERRENO URBANO NA CIDADE DE TRES LAGOAS/MS";"100000,00";"08/09/2022";"16:40:16"
"27/09/2022";"18:35:01";"2022";"2";"Eleição Ordinária";"544";"Eleição Geral Federal 2022";"02/10/2022";"BR";"BR";"BRASIL";"280001607833";"12";"13";"Terreno";"UM TERRENO URBANO NA CIDADE DE TRES LAGOAS/MS";"100000,00";"08/09/2022";"16:40:16"
"27/09/2022";"18:35:01";"2022";"2";"Eleição Ordinária";"544";"Eleição Geral Federal 2022";"02/10/2022";"BR";"BR";"BRASIL";"280001607833";"13";"13";"Terreno";"UMA GLEBA DE TERRAS RURAIS NO MUNICIPIO DE CAARAPO/MS";"457209,33";"08/09/2022";"16:40:16"
"27/09/2022";"18:35:01";"2022";"2";"Eleição Ordinária";"544";"Eleição Geral Federal 2022";"02/10/2022";"BR";"BR";"BRASIL";"280001607833";"14";"61";"Depósito bancário em conta corrente no País";"SALDO BANCÁRIO EM CONTA CORRENTE";"59225,08";"08/09/2022";"16:40:16"
"27/09/2022";"18:35:01";"2022";"2";"Eleição Ordinária";"544";"Eleição Geral Federal 2022";"02/10/2022";"BR";"BR";"BRASIL";"280001607834";"1";"11";"Apartamento";"APARTAMENTO, SÃO PAULO-SP ";"950000,00";"10/09/2022";"15:06:29"
"27/09/2022";"18:35:01";"2022";"2";"Eleição Ordinária";"544";"Eleição Geral Federal 2022";"02/10/2022";"BR";"BR";"BRASIL";"280001607834";"2";"13";"Terreno";"AREA DE TERRAS, ILHÉUS-BA";"600000,00";"10/09/2022";"15:06:29"
"27/09/2022";"18:35:01";"2022";"2";"Eleição Ordinária";"544";"Eleição Geral Federal 2022";"02/10/2022";"BR";"BR";"BRASIL";"280001607834";"3";"19";"Outros bens imóveis";"1/3 DE: IMÓVEIS DE HERANÇA - SANTO ANDRÉ-SP ";"2031780,56";"10/09/2022";"15:06:29"
"27/09/2022";"18:35:01";"2022";"2";"Eleição Ordinária";"544";"Eleição Geral Federal 2022";"02/10/2022";"BR";"BR";"BRASIL";"280001607834";"4";"21";"Veículo automotor terrestre: caminhão, automóvel, moto, etc.";"VEÍCULO CHRYSLER TOWN   COUTRY ";"227000,00";"10/09/2022";"15:06:29"
"27/09/2022";"18:35:01";"2022";"2";"Eleição Ordinária";"544";"Eleição Geral Federal 2022";"02/10/2022";"BR";"BR";"BRASIL";"280001607834";"5";"99";"OUTROS BENS E DIREITOS";"QUOTAS DE CAPITAL SOCIAL DA EMPRESA ¿ HERANÇA ";"450000,00";"10/09/2022";"15:06:29"
"27/09/2022";"18:35:01";"2022";"2";"Eleição Ordinária";"544";"Eleição Geral Federal 2022";"02/10/2022";"BR";"BR";"BRASIL";"280001607834";"6";"41";"Caderneta de poupança";"POUPANÇA SAFRA";"14826,14";"10/09/2022";"15:06:29"
"27/09/2022";"18:35:01";"2022";"2";"Eleição Ordinária";"544";"Eleição Geral Federal 2022";"02/10/2022";"BR";"BR";"BRASIL";"280001607834";"7";"79";"Outros fundos";"FUNDO DE INVESTIMENTO ITAU PERSONNALITE";"91462,00";"10/09/2022";"15:06:29"
"27/09/2022";"18:35:01";"2022";"2";"Eleição Ordinária";"544";"Eleição Geral Federal 2022";"02/10/2022";"BR";"BR";"BRASIL";"280001607834";"8";"49";"Outras aplicações e Investimentos";"SAFRA CERTIFICADO DE OPERACOES ESTRUTURADAS";"350000,00";"10/09/2022";"15:06:29"
"27/09/2022";"18:35:01";"2022";"2";"Eleição Ordinária";"544";"Eleição Geral Federal 2022";"02/10/2022";"BR";"BR";"BRASIL";"280001607834";"9";"49";"Outras aplicações e Investimentos";"SAFRA SERVICOS DE ADMINIST. FIDUCIARIA LTDA";"5125462,72";"10/09/2022";"15:06:29"
"27/09/2022";"18:35:01";"2022";"2";"Eleição Ordinária";"544";"Eleição Geral Federal 2022";"02/10/2022";"BR";"BR";"BRASIL";"280001607834";"10";"97";"VGBL - Vida Gerador de Benefício Livre";"VGBL SAFRA VIDA E PREVIDÊNCIA S/A";"2546213,25";"10/09/2022";"15:06:29"
"27/09/2022";"18:35:01";"2022";"2";"Eleição Ordinária";"544";"Eleição Geral Federal 2022";"02/10/2022";"BR";"BR";"BRASIL";"280001607834";"11";"49";"Outras aplicações e Investimentos";"SAFRA JS ATIVOS FINANCEIROS FII";"3000,00";"10/09/2022";"15:06:29"
"27/09/2022";"18:35:01";"2022";"2";"Eleição Ordinária";"544";"Eleição Geral Federal 2022";"02/10/2022";"BR";"BR";"BRASIL";"280001607834";"12";"73";"Fundo de Investimento Imobiliário";"SAFRA CERTIFICADO DE RECEBÍVEIS IMOBILIÁRIOS";"500000,00";"10/09/2022";"15:06:29"
"27/09/2022";"18:35:01";"2022";"2";"Eleição Ordinária";"544";"Eleição Geral Federal 2022";"02/10/2022";"BR";"BR";"BRASIL";"280001607834";"13";"61";"Depósito bancário em conta corrente no País";"CONTA CORRENTE ITAU PERSONNALITE";"10,00";"10/09/2022";"15:06:29"
"27/09/2022";"18:35:01";"2022";"2";"Eleição Ordinária";"544";"Eleição Geral Federal 2022";"02/10/2022";"BR";"BR";"BRASIL";"280001607834";"14";"61";"Depósito bancário em conta corrente no País";"CONTA CORRENTE BANCO DO BRASIL";"7594,03";"10/09/2022";"15:06:29"
"27/09/2022";"18:35:01";"2022";"2";"Eleição Ordinária";"544";"Eleição Geral Federal 2022";"02/10/2022";"BR";"BR";"BRASIL";"280001612392";"1";"21";"Veículo automotor terrestre: caminhão, automóvel, moto, etc.";"CHEVROLET CAMARO 2011";"93144,00";"10/09/2022";"15:06:29"
"27/09/2022";"18:35:01";"2022";"2";"Eleição Ordinária";"544";"Eleição Geral Federal 2022";"02/10/2022";"BR";"BR";"BRASIL";"280001612392";"2";"41";"Caderneta de poupança";"BANCO BRADESCO AGENCIA 3673 CONTA 0023338-2";"9926,15";"10/09/2022";"15:06:29"
"27/09/2022";"18:35:01";"2022";"2";"Eleição Ordinária";"544";"Eleição Geral Federal 2022";"02/10/2022";"BR";"BR";"BRASIL";"280001612392";"3";"41";"Caderneta de poupança";"BANCO DO BRASIL AGENCIA 2866 CONTA 46673-5";"19002,00";"10/09/2022";"15:06:29"
"27/09/2022";"18:35:01";"2022";"2";"Eleição Ordinária";"544";"Eleição Geral Federal 2022";"02/10/2022";"BR";"BR";"BRASIL";"280001612392";"4";"61";"Depósito bancário em conta corrente no País";"BANCO DO BRASIL AGENCIA 2866 CONTA 46673-5";"1034,01";"10/09/2022";"15:06:29"
"27/09/2022";"18:35:01";"2022";"2";"Eleição Ordinária";"544";"Eleição Geral Federal 2022";"02/10/2022";"BR";"BR";"BRASIL";"280001612392";"5";"21";"Veículo automotor terrestre: caminhão, automóvel, moto, etc.";"HONDA CIVIC 2016/2017";"94072,11";"10/09/2022";"15:06:29"
"27/09/2022";"18:35:01";"2022";"2";"Eleição Ordinária";"544";"Eleição Geral Federal 2022";"02/10/2022";"BR";"BR";"BRASIL";"280001612392";"6";"11";"Apartamento";"IMOVEL FINANCIADO RUA PITUBA BAIRRO ALPHAVILLE ";"990733,95";"10/09/2022";"15:06:29"
"27/09/2022";"18:35:01";"2022";"2";"Eleição Ordinária";"544";"Eleição Geral Federal 2022";"02/10/2022";"BR";"BR";"BRASIL";"280001612393";"1";"11";"Apartamento";"APARTAMENTO 1002 DO EMPREENDIMENTO MAR DE PAULET,SITUADO NA RUA SILVA PAULET, NO 101, DE MATRICULA NO38.671, ADQUIRIDO DE BLOKUS 3 INCORPORACAO ECONSTRUCAO SPE LTDA";"687091,02";"08/09/2022";"16:40:16"
"27/09/2022";"18:35:01";"2022";"2";"Eleição Ordinária";"544";"Eleição Geral Federal 2022";"02/10/2022";"BR";"BR";"BRASIL";"280001612393";"2";"11";"Apartamento";"APARTAMENTO NA AV. HISTORIADOR RAIMUNDO GIRAO,700/2302 - EDIF. VISTA DEL MARE, PRAIA DE IRACEMA, NESTACAPITAL, ADQUIRIDO DA CONSTRUTORA ESTRELA LTDA";"381202,90";"08/09/2022";"16:40:16"
"27/09/2022";"18:35:01";"2022";"2";"Eleição Ordinária";"544";"Eleição Geral Federal 2022";"02/10/2022";"BR";"BR";"BRASIL";"280001612393";"3";"12";"Casa";"1/5 DE UM IMOVEL RESIDENCIAL SITUADO NO BOULEVARD CEL. JOAO BARBOSA, N. 518, BAIRRO CENTRO, EM SOBRAL/CE,MATRICULA 12.022, ADQUIRIDO POR HERANCA DO ESPOLIO DE MARIA JOSE SANTOS FERREIRA GOMES";"160000,00";"08/09/2022";"16:40:16"
"27/09/2022";"18:35:01";"2022";"2";"Eleição Ordinária";"544";"Eleição Geral Federal 2022";"02/10/2022";"BR";"BR";"BRASIL";"280001612393";"4";"12";"Casa";"CASA RESIDENCIAL NA AV. DR. JOSE ARIMATEIA MONTE ESILVA, N. 235, NO BAIRRO CAMPO DOS VELHOS, EM SOBRAL/CE, MATRICULA 8421, ADQUIRIDO POR HERANCA DO ESPOLIO DE MARIA JOSE SANTOS FERREIRA GOMES";"300000,00";"08/09/2022";"16:40:16"
"27/09/2022";"18:35:01";"2022";"2";"Eleição Ordinária";"544";"Eleição Geral Federal 2022";"02/10/2022";"BR";"BR";"BRASIL";"280001612393";"5";"21";"Veículo automotor terrestre: caminhão, automóvel, moto, etc.";"VEICULO HYUNDAI ELANTRA MD 1.8 AUT. 2012/2013, PRATA";"85000,00";"08/09/2022";"16:40:16"
"27/09/2022";"18:35:01";"2022";"2";"Eleição Ordinária";"544";"Eleição Geral Federal 2022";"02/10/2022";"BR";"BR";"BRASIL";"280001612393";"6";"21";"Veículo automotor terrestre: caminhão, automóvel, moto, etc.";"TOYOTA HILUX SW4 SRV 4X4, 2010/2010";"105000,00";"08/09/2022";"16:40:16"
"27/09/2022";"18:35:01";"2022";"2";"Eleição Ordinária";"544";"Eleição Geral Federal 2022";"02/10/2022";"BR";"BR";"BRASIL";"280001612393";"7";"32";"Quotas ou quinhões de capital";"100% DE PARTICIPACAO NA EMPRESA CIRO GOMESSOCIEDADE INDIVIDUAL DE ADVOCACIA";"50000,00";"08/09/2022";"16:40:16"
"27/09/2022";"18:35:01";"2022";"2";"Eleição Ordinária";"544";"Eleição Geral Federal 2022";"02/10/2022";"BR";"BR";"BRASIL";"280001612393";"8";"32";"Quotas ou quinhões de capital";"12,08% DE PARTICIPACAO NA EMPRESA CORTE OITO CAUCAIAEMPREENDIMENTOS E PARTICIPACOES LTDA";"0,00";"08/09/2022";"16:40:16"
"27/09/2022";"18:35:01";"2022";"2";"Eleição Ordinária";"544";"Eleição Geral Federal 2022";"02/10/2022";"BR";"BR";"BRASIL";"280001612393";"9";"32";"Quotas ou quinhões de capital";"100% DE PARTICIPAÇÃO (12.000 QUOTAS) DA EMPRESANEWSLETTERS DIGITAL A VOZ DO BRASIL LTDA";"12000,00";"08/09/2022";"16:40:16"
"27/09/2022";"18:35:01";"2022";"2";"Eleição Ordinária";"544";"Eleição Geral Federal 2022";"02/10/2022";"BR";"BR";"BRASIL";"280001612393";"10";"51";"Crédito decorrente de empréstimo";"CREDITO DECORRENTE DE EMPRESTIMO A SOCIEDADE CIROGOMES SOCIEDADE INDIVIDUAL DE ADVOCACIA";"36000,00";"08/09/2022";"16:40:16"
"27/09/2022";"18:35:01";"2022";"2";"Eleição Ordinária";"544";"Eleição Geral Federal 2022";"02/10/2022";"BR";"BR";"BRASIL";"280001612393";"11";"59";"Outros créditos e poupança vinculados";"CREDITO COM YURI SABOYA FERREIRA GOMES, DECORRENTE DA VENDA DO APTO. NA AV. HISTORIADOR RAIMUNDO GIRAO, 594/2104";"51990,68";"08/09/2022";"16:40:16"
"27/09/2022";"18:35:01";"2022";"2";"Eleição Ordinária";"544";"Eleição Geral Federal 2022";"02/10/2022";"BR";"BR";"BRASIL";"280001612393";"12";"59";"Outros créditos e poupança vinculados";"CREDITO COM LIVIA SABOYA FERREIRA GOMES, DECORRENTE DA VENDA DO APTO. NA AV. HISTORIADOR RAIMUNDO GIRAO, 594/2104";"51990,69";"08/09/2022";"16:40:16"
"27/09/2022";"18:35:01";"2022";"2";"Eleição Ordinária";"544";"Eleição Geral Federal 2022";"02/10/2022";"BR";"BR";"BRASIL";"280001612393";"13";"59";"Outros créditos e poupança vinculados";"CREDITO COM CIRO SABOYA FERREIRA GOMES, DECORRENTE DA VENDA DO APTO. NA AV. HISTORIADOR RAIMUNDO GIRAO, 594/2104";"51990,69";"08/09/2022";"16:40:16"
"27/09/2022";"18:35:01";"2022";"2";"Eleição Ordinária";"544";"Eleição Geral Federal 2022";"02/10/2022";"BR";"BR";"BRASIL";"280001612393";"14";"52";"Crédito decorrente de alienação";"CRÉDITO A RECEBER DECORRENTE DA ALIENAÇÃO DAPARTICIPACAO NA EMPRESA CORTE OITO CAUCAIA EMPREENDIMENTOS E PARTICIPACOES LTDA";"1004590,70";"08/09/2022";"16:40:16"
"27/09/2022";"18:35:01";"2022";"2";"Eleição Ordinária";"544";"Eleição Geral Federal 2022";"02/10/2022";"BR";"BR";"BRASIL";"280001612393";"15";"61";"Depósito bancário em conta corrente no País";"CONTA CORRENTE NO BANCO DO BRASIL";"2471,69";"08/09/2022";"16:40:16"
"27/09/2022";"18:35:01";"2022";"2";"Eleição Ordinária";"544";"Eleição Geral Federal 2022";"02/10/2022";"BR";"BR";"BRASIL";"280001612393";"16";"97";"VGBL - Vida Gerador de Benefício Livre";"VGBL NO BRASILPREV SEGUROS E PREVIDENCIA S.A., EM NOME DO DEPENDENTE.";"28517,32";"08/09/2022";"16:40:16"
"27/09/2022";"18:35:01";"2022";"2";"Eleição Ordinária";"544";"Eleição Geral Federal 2022";"02/10/2022";"BR";"BR";"BRASIL";"280001612393";"17";"63";"Dinheiro em espécie - moeda nacional";"VALORES NA POSSE DA SRA. MARIA LUIZA GURGEL SERPA,PARA PAGAMENTO DE DESPESAS CORRENTES DO DECLARANTE";"31916,28";"08/09/2022";"16:40:16"
"27/09/2022";"18:35:01";"2022";"2";"Eleição Ordinária";"544";"Eleição Geral Federal 2022";"02/10/2022";"BR";"BR";"BRASIL";"280001618036";"1";"11";"Apartamento";"SQSW 102, Sudoeste, Brasília";"240930,00";"10/09/2022";"15:06:29"
"27/09/2022";"18:35:01";"2022";"2";"Eleição Ordinária";"544";"Eleição Geral Federal 2022";"02/10/2022";"BR";"BR";"BRASIL";"280001618036";"2";"12";"Casa";"Rua Divisória 30, Bento Ribeiro, RJ";"40000,00";"10/09/2022";"15:06:29"
"27/09/2022";"18:35:01";"2022";"2";"Eleição Ordinária";"544";"Eleição Geral Federal 2022";"02/10/2022";"BR";"BR";"BRASIL";"280001618036";"3";"12";"Casa";"Rua das Flores, Angra dos Reis";"98500,00";"10/09/2022";"15:06:29"
"27/09/2022";"18:35:01";"2022";"2";"Eleição Ordinária";"544";"Eleição Geral Federal 2022";"02/10/2022";"BR";"BR";"BRASIL";"280001618036";"4";"12";"Casa";"Avenida Lucio Costa, Barra da Tijuca, RJ";"400000,00";"10/09/2022";"15:06:29"
"27/09/2022";"18:35:01";"2022";"2";"Eleição Ordinária";"544";"Eleição Geral Federal 2022";"02/10/2022";"BR";"BR";"BRASIL";"280001618036";"5";"12";"Casa";"Avenida Lucio Costa, Barra da Tijuca, RJ";"603803,54";"10/09/2022";"15:06:29"
"27/09/2022";"18:35:01";"2022";"2";"Eleição Ordinária";"544";"Eleição Geral Federal 2022";"02/10/2022";"BR";"BR";"BRASIL";"280001618036";"6";"21";"Veículo automotor terrestre: caminhão, automóvel, moto, etc.";"Honda/NC 750X, 2019/2020";"26500,00";"10/09/2022";"15:06:29"
"27/09/2022";"18:35:01";"2022";"2";"Eleição Ordinária";"544";"Eleição Geral Federal 2022";"02/10/2022";"BR";"BR";"BRASIL";"280001618036";"7";"31";"Ações (inclusive as provenientes de linha telefônica)";"OI S/A vendidas em 2021";"0,00";"10/09/2022";"15:06:29"
"27/09/2022";"18:35:01";"2022";"2";"Eleição Ordinária";"544";"Eleição Geral Federal 2022";"02/10/2022";"BR";"BR";"BRASIL";"280001618036";"8";"31";"Ações (inclusive as provenientes de linha telefônica)";"OI S/A vendidas em 2021";"0,00";"10/09/2022";"15:06:29"
"27/09/2022";"18:35:01";"2022";"2";"Eleição Ordinária";"544";"Eleição Geral Federal 2022";"02/10/2022";"BR";"BR";"BRASIL";"280001618036";"9";"32";"Quotas ou quinhões de capital";"Correspondente a 249 quotas do capital social da empresa Bolsonaro Digital";"249,00";"10/09/2022";"15:06:29"
"27/09/2022";"18:35:01";"2022";"2";"Eleição Ordinária";"544";"Eleição Geral Federal 2022";"02/10/2022";"BR";"BR";"BRASIL";"280001618036";"10";"41";"Caderneta de poupança";"Banco do Brasil";"591047,58";"10/09/2022";"15:06:29"
"27/09/2022";"18:35:01";"2022";"2";"Eleição Ordinária";"544";"Eleição Geral Federal 2022";"02/10/2022";"BR";"BR";"BRASIL";"280001618036";"11";"61";"Depósito bancário em conta corrente no País";"Em nome da dependente Michelle de Paula";"547,33";"10/09/2022";"15:06:29"
"27/09/2022";"18:35:01";"2022";"2";"Eleição Ordinária";"544";"Eleição Geral Federal 2022";"02/10/2022";"BR";"BR";"BRASIL";"280001618036";"12";"61";"Depósito bancário em conta corrente no País";"Banco do Brasil";"92,57";"10/09/2022";"15:06:29"
"27/09/2022";"18:35:01";"2022";"2";"Eleição Ordinária";"544";"Eleição Geral Federal 2022";"02/10/2022";"BR";"BR";"BRASIL";"280001618036";"13";"61";"Depósito bancário em conta corrente no País";"Banco do Brasil";"315884,71";"10/09/2022";"15:06:29"
"27/09/2022";"18:35:01";"2022";"2";"Eleição Ordinária";"544";"Eleição Geral Federal 2022";"02/10/2022";"BR";"BR";"BRASIL";"280001618037";"1";"11";"Apartamento";"Apartamento";"274600,00";"08/09/2022";"16:40:16"
"27/09/2022";"18:35:01";"2022";"2";"Eleição Ordinária";"544";"Eleição Geral Federal 2022";"02/10/2022";"BR";"BR";"BRASIL";"280001618037";"2";"11";"Apartamento";"Cota de Apartamento e 2 (duas) vagas de Garagem";"141517,38";"08/09/2022";"16:40:16"
"27/09/2022";"18:35:01";"2022";"2";"Eleição Ordinária";"544";"Eleição Geral Federal 2022";"02/10/2022";"BR";"BR";"BRASIL";"280001618037";"3";"21";"Veículo automotor terrestre: caminhão, automóvel, moto, etc.";"Motocicleta ";"64393,28";"08/09/2022";"16:40:16"
"27/09/2022";"18:35:01";"2022";"2";"Eleição Ordinária";"544";"Eleição Geral Federal 2022";"02/10/2022";"BR";"BR";"BRASIL";"280001618037";"4";"31";"Ações (inclusive as provenientes de linha telefônica)";"Fundo de Ações ";"20000,00";"08/09/2022";"16:40:16"
"27/09/2022";"18:35:01";"2022";"2";"Eleição Ordinária";"544";"Eleição Geral Federal 2022";"02/10/2022";"BR";"BR";"BRASIL";"280001618037";"5";"31";"Ações (inclusive as provenientes de linha telefônica)";"Fundo de Ações ";"339800,00";"08/09/2022";"16:40:16"
"27/09/2022";"18:35:01";"2022";"2";"Eleição Ordinária";"544";"Eleição Geral Federal 2022";"02/10/2022";"BR";"BR";"BRASIL";"280001618037";"6";"31";"Ações (inclusive as provenientes de linha telefônica)";"Fundo de Ações";"698500,00";"08/09/2022";"16:40:16"
"27/09/2022";"18:35:01";"2022";"2";"Eleição Ordinária";"544";"Eleição Geral Federal 2022";"02/10/2022";"BR";"BR";"BRASIL";"280001618037";"7";"45";"Aplicação de renda fixa (CDB, RDB e outros)";"Título de Renda Fixa";"49482,02";"08/09/2022";"16:40:16"
"27/09/2022";"18:35:01";"2022";"2";"Eleição Ordinária";"544";"Eleição Geral Federal 2022";"02/10/2022";"BR";"BR";"BRASIL";"280001618037";"8";"62";"Depósito bancário em conta corrente no exterior";"Saldo em Conta Corrente ¿ BB Miami";"43694,13";"08/09/2022";"16:40:16"
"27/09/2022";"18:35:01";"2022";"2";"Eleição Ordinária";"544";"Eleição Geral Federal 2022";"02/10/2022";"BR";"BR";"BRASIL";"280001644128";"1";"39";"Outras participações societárias";"PARTICIPAÇÃO SOCIETÁRIA NA PESSOA JURÍDICA T B HOLDING LTDA - CNPJ: 31.944.645/0001-06";"500000,00";"10/09/2022";"15:06:29"
"27/09/2022";"18:35:01";"2022";"2";"Eleição Ordinária";"544";"Eleição Geral Federal 2022";"02/10/2022";"BR";"BR";"BRASIL";"280001644128";"2";"61";"Depósito bancário em conta corrente no País";"BANCO SICRED - CNPJ: 03.042.597/000125";"12000,00";"10/09/2022";"15:06:29"
"27/09/2022";"18:35:01";"2022";"2";"Eleição Ordinária";"544";"Eleição Geral Federal 2022";"02/10/2022";"BR";"BR";"BRASIL";"280001644128";"3";"61";"Depósito bancário em conta corrente no País";"BANCO DO BRASIL S/A - CNPJ: 00.000.000/0001-91";"15000,00";"10/09/2022";"15:06:29"
"27/09/2022";"18:35:01";"2022";"2";"Eleição Ordinária";"544";"Eleição Geral Federal 2022";"02/10/2022";"BR";"BR";"BRASIL";"280001644128";"4";"63";"Dinheiro em espécie - moeda nacional";"DINHEIRO EM ESPÉCIE EM POSSE DA CANDIDATA";"250000,00";"10/09/2022";"15:06:29"
"27/09/2022";"18:35:01";"2022";"2";"Eleição Ordinária";"544";"Eleição Geral Federal 2022";"02/10/2022";"BR";"BR";"BRASIL";"280001644128";"5";"61";"Depósito bancário em conta corrente no País";"BANCO DE BRASÍLIA S/A - CNPJ: 00.000.208/0001-00";"6000,00";"10/09/2022";"15:06:29"
"27/09/2022";"18:35:01";"2022";"2";"Eleição Ordinária";"544";"Eleição Geral Federal 2022";"02/10/2022";"BR";"BR";"BRASIL";"280001644129";"1";"21";"Veículo automotor terrestre: caminhão, automóvel, moto, etc.";"OUTLANDER MITSUBISHI 2012";"91900,00";"08/09/2022";"16:40:16"
"27/09/2022";"18:35:01";"2022";"2";"Eleição Ordinária";"544";"Eleição Geral Federal 2022";"02/10/2022";"BR";"BR";"BRASIL";"280001644129";"2";"25";"Jóia, quadro, objeto de arte, de coleção, antiguidade, etc.";"PEÇAS DOMÉSTICAS, ENFEITES E PEÇAS DE ARTES RECOLHIDAS NA RESIDÊNCIA DA GENITORA, FALECIDA EM 2002";"950000,00";"08/09/2022";"16:40:16"
"27/09/2022";"18:35:01";"2022";"2";"Eleição Ordinária";"544";"Eleição Geral Federal 2022";"02/10/2022";"BR";"BR";"BRASIL";"280001644129";"3";"39";"Outras participações societárias";"COTAS DA CAVAL2 DESENVOLVIMENTO URBANO - CNPJ: 09.355.781/0001-01";"103732,00";"08/09/2022";"16:40:16"
"27/09/2022";"18:35:01";"2022";"2";"Eleição Ordinária";"544";"Eleição Geral Federal 2022";"02/10/2022";"BR";"BR";"BRASIL";"280001644129";"4";"39";"Outras participações societárias";"RADIO PRESS PRODUÇÕES LTDA - CNPJ: 00.113.841/0001-05";"4467225,00";"08/09/2022";"16:40:16"
"27/09/2022";"18:35:01";"2022";"2";"Eleição Ordinária";"544";"Eleição Geral Federal 2022";"02/10/2022";"BR";"BR";"BRASIL";"280001644129";"5";"39";"Outras participações societárias";"EMPRESA CAVAL3 AGROPECUARIA LTDA - CNPJ: 24.987.395/0001-26";"300000,00";"08/09/2022";"16:40:16"
"27/09/2022";"18:35:01";"2022";"2";"Eleição Ordinária";"544";"Eleição Geral Federal 2022";"02/10/2022";"BR";"BR";"BRASIL";"280001644129";"6";"45";"Aplicação de renda fixa (CDB, RDB e outros)";"SANTANDER APLICAÇÕES DE RENDA FIXA";"1,72";"08/09/2022";"16:40:16"
"27/09/2022";"18:35:01";"2022";"2";"Eleição Ordinária";"544";"Eleição Geral Federal 2022";"02/10/2022";"BR";"BR";"BRASIL";"280001644129";"7";"45";"Aplicação de renda fixa (CDB, RDB e outros)";"TITULO DE RENDA FIXA CRA S";"448000,00";"08/09/2022";"16:40:16"
"27/09/2022";"18:35:01";"2022";"2";"Eleição Ordinária";"544";"Eleição Geral Federal 2022";"02/10/2022";"BR";"BR";"BRASIL";"280001644129";"8";"49";"Outras aplicações e Investimentos";"DEBENTURES INCENTIVADAS BANCO SAFRA S/A";"2468837,85";"08/09/2022";"16:40:16"
"27/09/2022";"18:35:01";"2022";"2";"Eleição Ordinária";"544";"Eleição Geral Federal 2022";"02/10/2022";"BR";"BR";"BRASIL";"280001644129";"9";"51";"Crédito decorrente de empréstimo";"CONTRATO DE MUTUO SALDO DE EMPRESTIMOS EFETUADOS A RADIO PRESS PRODUÇÕES - CNPJ: 00.113.841/0001-05";"1555130,27";"08/09/2022";"16:40:16"
"27/09/2022";"18:35:01";"2022";"2";"Eleição Ordinária";"544";"Eleição Geral Federal 2022";"02/10/2022";"BR";"BR";"BRASIL";"280001644129";"10";"51";"Crédito decorrente de empréstimo";"MUTUO EM EMPRESA DA QUAL SOU SOCIO CAVAL2 EMPREENDIMENTOS IMOBILIARIOS";"110314,32";"08/09/2022";"16:40:16"
"27/09/2022";"18:35:01";"2022";"2";"Eleição Ordinária";"544";"Eleição Geral Federal 2022";"02/10/2022";"BR";"BR";"BRASIL";"280001644129";"11";"51";"Crédito decorrente de empréstimo";"MUTUO EM EMPRESA DA QUAL SOU SOCIO CAVAL3 AGROPECUARIA LTDA";"7451,54";"08/09/2022";"16:40:16"
"27/09/2022";"18:35:01";"2022";"2";"Eleição Ordinária";"544";"Eleição Geral Federal 2022";"02/10/2022";"BR";"BR";"BRASIL";"280001644129";"12";"79";"Outros fundos";"MAN MILES ACER LB FICFI MM";"300000,00";"08/09/2022";"16:40:16"
"27/09/2022";"18:35:01";"2022";"2";"Eleição Ordinária";"544";"Eleição Geral Federal 2022";"02/10/2022";"BR";"BR";"BRASIL";"280001644129";"13";"79";"Outros fundos";"SAF CAP MARKET FI RF CR MM CR PR DI";"16905,42";"08/09/2022";"16:40:16"
"27/09/2022";"18:35:01";"2022";"2";"Eleição Ordinária";"544";"Eleição Geral Federal 2022";"02/10/2022";"BR";"BR";"BRASIL";"280001644129";"14";"97";"VGBL - Vida Gerador de Benefício Livre";"SALDO VGBL ANTES NO BB E AGORA TRANSFERIDO PARA BANCO SAFRA";"1722559,98";"08/09/2022";"16:40:16"
"27/09/2022";"18:35:01";"2022";"2";"Eleição Ordinária";"544";"Eleição Geral Federal 2022";"02/10/2022";"BR";"BR";"BRASIL";"280001644129";"15";"79";"Outros fundos";"MULTIPLAN CREDITADOS E NAO PAGOS - JUROS CREDITADOS E NAO PAGOS";"5936,91";"08/09/2022";"16:40:16"
"27/09/2022";"18:35:01";"2022";"2";"Eleição Ordinária";"544";"Eleição Geral Federal 2022";"02/10/2022";"BR";"BR";"BRASIL";"280001644129";"16";"61";"Depósito bancário em conta corrente no País";"BANCO SAFRA";"24112,04";"08/09/2022";"16:40:16"
"27/09/2022";"18:35:01";"2022";"2";"Eleição Ordinária";"544";"Eleição Geral Federal 2022";"02/10/2022";"BR";"BR";"BRASIL";"280001644129";"17";"61";"Depósito bancário em conta corrente no País";"BANCO ITAU";"13328,88";"08/09/2022";"16:40:16"
"27/09/2022";"18:35:01";"2022";"2";"Eleição Ordinária";"544";"Eleição Geral Federal 2022";"02/10/2022";"BR";"BR";"BRASIL";"280001644129";"18";"61";"Depósito bancário em conta corrente no País";"BANCO DO BRASIL";"1150,40";"08/09/2022";"16:40:16"
"27/09/2022";"18:35:01";"2022";"2";"Eleição Ordinária";"544";"Eleição Geral Federal 2022";"02/10/2022";"BR";"BR";"BRASIL";"280001655452";"1";"41";"Caderneta de poupança";"Poupança";"1884,34";"10/09/2022";"15:06:29"
"27/09/2022";"18:35:01";"2022";"2";"Eleição Ordinária";"544";"Eleição Geral Federal 2022";"02/10/2022";"BR";"BR";"BRASIL";"280001655452";"2";"61";"Depósito bancário em conta corrente no País";"conta corrente";"23349,00";"10/09/2022";"15:06:29"
"27/09/2022";"18:35:01";"2022";"2";"Eleição Ordinária";"544";"Eleição Geral Federal 2022";"02/10/2022";"BR";"BR";"BRASIL";"280001655452";"3";"79";"Outros fundos";"Mútuo celebrado com o cônjuge";"716910,00";"10/09/2022";"15:06:29"
"27/09/2022";"18:35:01";"2022";"2";"Eleição Ordinária";"544";"Eleição Geral Federal 2022";"02/10/2022";"BR";"BR";"BRASIL";"280001655452";"4";"49";"Outras aplicações e Investimentos";"Crédito em conta no País";"3180,07";"10/09/2022";"15:06:29"
"27/09/2022";"18:35:01";"2022";"2";"Eleição Ordinária";"544";"Eleição Geral Federal 2022";"02/10/2022";"BR";"BR";"BRASIL";"280001655453";"1";"41";"Caderneta de poupança";"Poupança";"8229,73";"08/09/2022";"16:40:16"
"27/09/2022";"18:35:01";"2022";"2";"Eleição Ordinária";"544";"Eleição Geral Federal 2022";"02/10/2022";"BR";"BR";"BRASIL";"280001655453";"2";"41";"Caderneta de poupança";"Poupança";"317,40";"08/09/2022";"16:40:16"
"27/09/2022";"18:35:01";"2022";"2";"Eleição Ordinária";"544";"Eleição Geral Federal 2022";"02/10/2022";"BR";"BR";"BRASIL";"280001655453";"3";"32";"Quotas ou quinhões de capital";"quotas";"1,00";"08/09/2022";"16:40:16"
"27/09/2022";"18:35:01";"2022";"2";"Eleição Ordinária";"544";"Eleição Geral Federal 2022";"02/10/2022";"BR";"BR";"BRASIL";"280001677435";"1";"11";"Apartamento";"Rua Luiz Manoel Gonzaga";"119857,21";"08/09/2022";"16:40:16"
"27/09/2022";"18:35:01";"2022";"2";"Eleição Ordinária";"544";"Eleição Geral Federal 2022";"02/10/2022";"BR";"BR";"BRASIL";"280001677435";"2";"12";"Casa";"Rua C. Quadra F. Bertioga - SP";"89892,24";"08/09/2022";"16:40:16"
"27/09/2022";"18:35:01";"2022";"2";"Eleição Ordinária";"544";"Eleição Geral Federal 2022";"02/10/2022";"BR";"BR";"BRASIL";"280001677435";"3";"12";"Casa";"Alameda Robalo - Santana do Parnaíba";"160724,73";"08/09/2022";"16:40:16"
"27/09/2022";"18:35:01";"2022";"2";"Eleição Ordinária";"544";"Eleição Geral Federal 2022";"02/10/2022";"BR";"BR";"BRASIL";"280001677435";"4";"12";"Casa";"Alameda Badejo - Santana do Parnaíba - SP";"157489,56";"08/09/2022";"16:40:16"
"27/09/2022";"18:35:01";"2022";"2";"Eleição Ordinária";"544";"Eleição Geral Federal 2022";"02/10/2022";"BR";"BR";"BRASIL";"280001677435";"5";"13";"Terreno";"Rua C. Quadra F. - Jardim Remanso - Bertioga - SP";"14982,71";"08/09/2022";"16:40:16"
"27/09/2022";"18:35:01";"2022";"2";"Eleição Ordinária";"544";"Eleição Geral Federal 2022";"02/10/2022";"BR";"BR";"BRASIL";"280001677435";"6";"13";"Terreno";"1/6 de uma área de 100.179.22 - Sta. Terezinha - RS";"3901,98";"08/09/2022";"16:40:16"
"27/09/2022";"18:35:01";"2022";"2";"Eleição Ordinária";"544";"Eleição Geral Federal 2022";"02/10/2022";"BR";"BR";"BRASIL";"280001677435";"7";"21";"Veículo automotor terrestre: caminhão, automóvel, moto, etc.";"Fiat Tipo 1994";"12160,00";"08/09/2022";"16:40:16"
"27/09/2022";"18:35:01";"2022";"2";"Eleição Ordinária";"544";"Eleição Geral Federal 2022";"02/10/2022";"BR";"BR";"BRASIL";"280001677435";"8";"21";"Veículo automotor terrestre: caminhão, automóvel, moto, etc.";"Chevrolet Blazer 1999";"56000,00";"08/09/2022";"16:40:16"
"27/09/2022";"18:35:01";"2022";"2";"Eleição Ordinária";"544";"Eleição Geral Federal 2022";"02/10/2022";"BR";"BR";"BRASIL";"280001677435";"9";"21";"Veículo automotor terrestre: caminhão, automóvel, moto, etc.";"Mitsubishi Pajero 2011";"142500,00";"08/09/2022";"16:40:16"
"27/09/2022";"18:35:01";"2022";"2";"Eleição Ordinária";"544";"Eleição Geral Federal 2022";"02/10/2022";"BR";"BR";"BRASIL";"280001677435";"10";"21";"Veículo automotor terrestre: caminhão, automóvel, moto, etc.";"Peugeot 407 ano 2007";"24000,00";"08/09/2022";"16:40:16"
"27/09/2022";"18:35:01";"2022";"2";"Eleição Ordinária";"544";"Eleição Geral Federal 2022";"02/10/2022";"BR";"BR";"BRASIL";"280001677435";"11";"23";"Embarcação";"Balsa salva vidas - 6 pessoas";"7000,00";"08/09/2022";"16:40:16"
"27/09/2022";"18:35:01";"2022";"2";"Eleição Ordinária";"544";"Eleição Geral Federal 2022";"02/10/2022";"BR";"BR";"BRASIL";"280001677435";"12";"23";"Embarcação";"Fooker 25,5 - Motor Yamaha ";"123770,00";"08/09/2022";"16:40:16"
"27/09/2022";"18:35:01";"2022";"2";"Eleição Ordinária";"544";"Eleição Geral Federal 2022";"02/10/2022";"BR";"BR";"BRASIL";"280001677435";"13";"25";"Jóia, quadro, objeto de arte, de coleção, antiguidade, etc.";"Aliança de Brilhante";"4163,84";"08/09/2022";"16:40:16"
"27/09/2022";"18:35:01";"2022";"2";"Eleição Ordinária";"544";"Eleição Geral Federal 2022";"02/10/2022";"BR";"BR";"BRASIL";"280001677435";"14";"31";"Ações (inclusive as provenientes de linha telefônica)";"Brasil Telecom S/A";"3459,00";"08/09/2022";"16:40:16"
"27/09/2022";"18:35:01";"2022";"2";"Eleição Ordinária";"544";"Eleição Geral Federal 2022";"02/10/2022";"BR";"BR";"BRASIL";"280001677435";"15";"31";"Ações (inclusive as provenientes de linha telefônica)";"Vivo";"2889,00";"08/09/2022";"16:40:16"
"27/09/2022";"18:35:01";"2022";"2";"Eleição Ordinária";"544";"Eleição Geral Federal 2022";"02/10/2022";"BR";"BR";"BRASIL";"280001677435";"16";"32";"Quotas ou quinhões de capital";"Capital Social Grupo Nacional de Serviços - GRUNASE";"356757,00";"08/09/2022";"16:40:16"
"27/09/2022";"18:35:01";"2022";"2";"Eleição Ordinária";"544";"Eleição Geral Federal 2022";"02/10/2022";"BR";"BR";"BRASIL";"280001677435";"17";"32";"Quotas ou quinhões de capital";"Participação - Centro Automotivo Caminho Certo Ltda";"2500,00";"08/09/2022";"16:40:16"
"27/09/2022";"18:35:01";"2022";"2";"Eleição Ordinária";"544";"Eleição Geral Federal 2022";"02/10/2022";"BR";"BR";"BRASIL";"280001677435";"18";"41";"Caderneta de poupança";"Caixa Economica Federal";"1034,96";"08/09/2022";"16:40:16"
"27/09/2022";"18:35:01";"2022";"2";"Eleição Ordinária";"544";"Eleição Geral Federal 2022";"02/10/2022";"BR";"BR";"BRASIL";"280001677435";"19";"41";"Caderneta de poupança";"Banco do Brasil - Fundo DI PLUS";"5916,20";"08/09/2022";"16:40:16"
"27/09/2022";"18:35:01";"2022";"2";"Eleição Ordinária";"544";"Eleição Geral Federal 2022";"02/10/2022";"BR";"BR";"BRASIL";"280001677435";"20";"45";"Aplicação de renda fixa (CDB, RDB e outros)";"Bradesco";"10000,00";"08/09/2022";"16:40:16"
"27/09/2022";"18:35:01";"2022";"2";"Eleição Ordinária";"544";"Eleição Geral Federal 2022";"02/10/2022";"BR";"BR";"BRASIL";"280001677435";"21";"74";"Fundos: Ações, Mútuos de Privatização, Invest. Empresas Emergentes, Invest.Participação e Invest. Índice Mercado";"Bradesco";"285941,48";"08/09/2022";"16:40:16"
"27/09/2022";"18:35:01";"2022";"2";"Eleição Ordinária";"544";"Eleição Geral Federal 2022";"02/10/2022";"BR";"BR";"BRASIL";"280001677435";"22";"17";"Benfeitorias";"Benfeitorias em imóvel residencial localizado na rua C ¿ Quadra F ¿ Jardim Remanso ¿ Bertioga - SP";"29883,92";"08/09/2022";"16:40:16"
"27/09/2022";"18:35:01";"2022";"2";"Eleição Ordinária";"544";"Eleição Geral Federal 2022";"02/10/2022";"BR";"BR";"BRASIL";"280001677435";"23";"17";"Benfeitorias";"Benfeitorias realizadas no imóvel localizado na Alameda Robalo, 100, Santana do Parnaíba ¿ SP";"9104,38";"08/09/2022";"16:40:16"
"27/09/2022";"18:35:01";"2022";"2";"Eleição Ordinária";"544";"Eleição Geral Federal 2022";"02/10/2022";"BR";"BR";"BRASIL";"280001677435";"24";"17";"Benfeitorias";"Benfeitorias realizadas no imóvel localizado na Alameda Badejo, 444, Santana do Parnaíba SP";"779,10";"08/09/2022";"16:40:16"
"27/09/2022";"18:35:01";"2022";"2";"Eleição Ordinária";"544";"Eleição Geral Federal 2022";"02/10/2022";"BR";"BR";"BRASIL";"280001677435";"25";"26";"Linha telefônica";"Três linhas telefônicas";"13610,16";"08/09/2022";"16:40:16"
"27/09/2022";"18:35:01";"2022";"2";"Eleição Ordinária";"544";"Eleição Geral Federal 2022";"02/10/2022";"BR";"BR";"BRASIL";"280001677435";"26";"39";"Outras participações societárias";"Cônjuge ¿ participação no capital social da empresa GRUNASE ¿ Grupo Nacional de Serviços Ltda";"35676,00";"08/09/2022";"16:40:16"
"27/09/2022";"18:35:01";"2022";"2";"Eleição Ordinária";"544";"Eleição Geral Federal 2022";"02/10/2022";"BR";"BR";"BRASIL";"280001677435";"27";"39";"Outras participações societárias";"Cônjuge ¿ participação no capital social da empresa Centro Automotivo Caminho Certo Ltda.";"2500,00";"08/09/2022";"16:40:16"
"27/09/2022";"18:35:01";"2022";"2";"Eleição Ordinária";"544";"Eleição Geral Federal 2022";"02/10/2022";"BR";"BR";"BRASIL";"280001677435";"28";"71";"Fundo de Curto Prazo";"Caixa Econômica Federal Fundo de Investimento 6800";"0,00";"08/09/2022";"16:40:16"
"27/09/2022";"18:35:01";"2022";"2";"Eleição Ordinária";"544";"Eleição Geral Federal 2022";"02/10/2022";"BR";"BR";"BRASIL";"280001677435";"29";"71";"Fundo de Curto Prazo";"Banco do Brasil ¿ Fundo DI Plus";"6053,55";"08/09/2022";"16:40:16"
"27/09/2022";"18:35:01";"2022";"2";"Eleição Ordinária";"544";"Eleição Geral Federal 2022";"02/10/2022";"BR";"BR";"BRASIL";"280001677435";"30";"51";"Crédito decorrente de empréstimo";"Crédito a receber de empréstimo efetuado à empresa Centro automotivo Caminho Certo Ltda.";"4356973,44";"08/09/2022";"16:40:16"
"27/09/2022";"18:35:01";"2022";"2";"Eleição Ordinária";"544";"Eleição Geral Federal 2022";"02/10/2022";"BR";"BR";"BRASIL";"280001677435";"31";"51";"Crédito decorrente de empréstimo";"Crédito a receber de empréstimo efetuado para Sra. Maria Teresa Selbach Eymael";"401942,46";"08/09/2022";"16:40:16"
"27/09/2022";"18:35:01";"2022";"2";"Eleição Ordinária";"544";"Eleição Geral Federal 2022";"02/10/2022";"BR";"BR";"BRASIL";"280001677435";"32";"51";"Crédito decorrente de empréstimo";"Crédito a receber decorrente de empréstimo concedido à Srta. Isabella Eymael Gomes";"4000,00";"08/09/2022";"16:40:16"
"27/09/2022";"18:35:01";"2022";"2";"Eleição Ordinária";"544";"Eleição Geral Federal 2022";"02/10/2022";"BR";"BR";"BRASIL";"280001677435";"33";"51";"Crédito decorrente de empréstimo";"Crédito a receber de empréstimo efetuado para Sra. Maria Teresa Selbach Eymael";"102282,42";"08/09/2022";"16:40:16"
"27/09/2022";"18:35:01";"2022";"2";"Eleição Ordinária";"544";"Eleição Geral Federal 2022";"02/10/2022";"BR";"BR";"BRASIL";"280001677435";"34";"52";"Crédito decorrente de alienação";"Crédito a receber de pessoa física referente a contrato de compra e venda de imóvel localizado na Alameda das Acácias, 211¿ Aldeia da Serra SP";"9815,00";"08/09/2022";"16:40:16"
"27/09/2022";"18:35:01";"2022";"2";"Eleição Ordinária";"544";"Eleição Geral Federal 2022";"02/10/2022";"BR";"BR";"BRASIL";"280001677435";"35";"61";"Depósito bancário em conta corrente no País";"Saldo em conta corrente - Banco Bradesco Agência 0762-5 conta corrente n. 10.447-7";"1,00";"08/09/2022";"16:40:16"
"27/09/2022";"18:35:01";"2022";"2";"Eleição Ordinária";"544";"Eleição Geral Federal 2022";"02/10/2022";"BR";"BR";"BRASIL";"280001677435";"36";"61";"Depósito bancário em conta corrente no País";"Saldo em conta corrente - Banco do Brasil Agência 4856 ¿ conta corrente n. 10.447-7";"0,00";"08/09/2022";"16:40:16"
"27/09/2022";"18:35:01";"2022";"2";"Eleição Ordinária";"544";"Eleição Geral Federal 2022";"02/10/2022";"BR";"BR";"BRASIL";"280001677435";"37";"61";"Depósito bancário em conta corrente no País";"Saldo em conta corrente - Banco do Brasil Agência 4856 ¿ conta corrente n. 121139-0";"9862,44";"08/09/2022";"16:40:16"
"27/09/2022";"18:35:01";"2022";"2";"Eleição Ordinária";"544";"Eleição Geral Federal 2022";"02/10/2022";"BR";"BR";"BRASIL";"280001677435";"38";"61";"Depósito bancário em conta corrente no País";"Saldo em conta corrente ¿ Banco Santander Agência 1729 ";"3272,88";"08/09/2022";"16:40:16"
"27/09/2022";"18:35:01";"2022";"2";"Eleição Ordinária";"544";"Eleição Geral Federal 2022";"02/10/2022";"BR";"BR";"BRASIL";"280001677435";"39";"63";"Dinheiro em espécie - moeda nacional";"Dinheiro em espécie ¿ moeda nacional";"1100,00";"08/09/2022";"16:40:16"
"27/09/2022";"18:35:01";"2022";"2";"Eleição Ordinária";"544";"Eleição Geral Federal 2022";"02/10/2022";"BR";"BR";"BRASIL";"280001677435";"40";"63";"Dinheiro em espécie - moeda nacional";"Cônjuge ¿ Dinheiro em espécie ¿ Moeda Nacional";"900,00";"08/09/2022";"16:40:16"
"27/09/2022";"18:35:01";"2022";"2";"Eleição Ordinária";"544";"Eleição Geral Federal 2022";"02/10/2022";"BR";"BR";"BRASIL";"280001677435";"41";"59";"Outros créditos e poupança vinculados";"Direito de crédito contra pessoa jurídica Telefonica";"129,94";"08/09/2022";"16:40:16"
"27/09/2022";"18:35:01";"2022";"2";"Eleição Ordinária";"544";"Eleição Geral Federal 2022";"02/10/2022";"BR";"BR";"BRASIL";"280001677436";"1";"45";"Aplicação de renda fixa (CDB, RDB e outros)";"Banco Santander";"1452,87";"08/09/2022";"16:40:16"
"27/09/2022";"18:35:01";"2022";"2";"Eleição Ordinária";"544";"Eleição Geral Federal 2022";"02/10/2022";"BR";"BR";"BRASIL";"280001734029";"1";"41";"Caderneta de poupança";"Caderneta de Poupança";"8229,73";"15/09/2022";"17:31:49"
"27/09/2022";"18:35:01";"2022";"2";"Eleição Ordinária";"544";"Eleição Geral Federal 2022";"02/10/2022";"BR";"BR";"BRASIL";"280001734029";"3";"41";"Caderneta de poupança";"Poupança";"317,40";"15/09/2022";"17:31:49"
"27/09/2022";"18:35:01";"2022";"2";"Eleição Ordinária";"544";"Eleição Geral Federal 2022";"02/10/2022";"BR";"BR";"BRASIL";"280001735149";"1";"11";"Apartamento";"Apartamento Financiado";"250000,00";"15/09/2022";"17:32:55"
"27/09/2022";"18:35:01";"2022";"2";"Eleição Ordinária";"544";"Eleição Geral Federal 2022";"02/10/2022";"BR";"BR";"BRASIL";"280001735149";"2";"41";"Caderneta de poupança";"Poupança";"12000,00";"15/09/2022";"17:32:55"
"27/09/2022";"18:35:01";"2022";"2";"Eleição Ordinária";"544";"Eleição Geral Federal 2022";"02/10/2022";"BR";"BR";"BRASIL";"280001734029";"2";"32";"Quotas ou quinhões de capital";"quotas";"1,00";"15/09/2022";"17:31:49"
